sequential_site,sequential_wt,reference_site,reference_wt
1,M,1,M
2,F,2,F
3,V,3,V
4,F,4,F
5,L,5,L
6,V,6,V
7,L,7,L
8,L,8,L
9,P,9,P
10,L,10,L
11,V,11,V
12,S,12,S
13,S,13,S
14,Q,14,Q
15,C,15,C
16,V,16,V
17,N,17,N
18,L,18,L
19,I,19,T
20,T,20,T
21,R,21,R
22,T,22,T
23,Q,23,Q
24,S,27,A
25,Y,28,Y
26,T,29,T
27,N,30,N
28,S,31,S
29,F,32,F
30,T,33,T
31,R,34,R
32,G,35,G
33,V,36,V
34,Y,37,Y
35,Y,38,Y
36,P,39,P
37,D,40,D
38,K,41,K
39,V,42,V
40,F,43,F
41,R,44,R
42,S,45,S
43,S,46,S
44,V,47,V
45,L,48,L
46,H,49,H
47,S,50,S
48,T,51,T
49,Q,52,Q
50,D,53,D
51,L,54,L
52,F,55,F
53,L,56,L
54,P,57,P
55,F,58,F
56,F,59,F
57,S,60,S
58,N,61,N
59,V,62,V
60,T,63,T
61,W,64,W
62,F,65,F
63,H,66,H
64,A,67,A
65,I,68,I
66,H,69,H
67,V,70,V
68,S,71,S
69,G,72,G
70,T,73,T
71,N,74,N
72,G,75,G
73,T,76,T
74,K,77,K
75,R,78,R
76,F,79,F
77,D,80,D
78,N,81,N
79,P,82,P
80,A,83,V
81,L,84,L
82,P,85,P
83,F,86,F
84,N,87,N
85,D,88,D
86,G,89,G
87,V,90,V
88,Y,91,Y
89,F,92,F
90,A,93,A
91,S,94,S
92,T,95,T
93,E,96,E
94,K,97,K
95,S,98,S
96,N,99,N
97,I,100,I
98,I,101,I
99,R,102,R
100,G,103,G
101,W,104,W
102,I,105,I
103,F,106,F
104,G,107,G
105,T,108,T
106,T,109,T
107,L,110,L
108,D,111,D
109,S,112,S
110,K,113,K
111,T,114,T
112,Q,115,Q
113,S,116,S
114,L,117,L
115,L,118,L
116,I,119,I
117,V,120,V
118,N,121,N
119,N,122,N
120,A,123,A
121,T,124,T
122,N,125,N
123,V,126,V
124,V,127,V
125,I,128,I
126,K,129,K
127,V,130,V
128,C,131,C
129,E,132,E
130,F,133,F
131,Q,134,Q
132,F,135,F
133,C,136,C
134,N,137,N
135,D,138,D
136,P,139,P
137,F,140,F
138,L,141,L
139,D,142,G
140,V,143,V
141,Y,145,Y
142,Q,146,H
143,K,147,K
144,N,148,N
145,N,149,N
146,K,150,K
147,S,151,S
148,W,152,W
149,M,153,M
150,E,154,E
151,S,155,S
152,E,156,E
153,F,157,F
154,R,158,R
155,V,159,V
156,Y,160,Y
157,S,161,S
158,S,162,S
159,A,163,A
160,N,164,N
161,N,165,N
162,C,166,C
163,T,167,T
164,F,168,F
165,E,169,E
166,Y,170,Y
167,V,171,V
168,S,172,S
169,Q,173,Q
170,P,174,P
171,F,175,F
172,L,176,L
173,M,177,M
174,D,178,D
175,L,179,L
176,E,180,E
177,G,181,G
178,K,182,K
179,E,183,Q
180,G,184,G
181,N,185,N
182,F,186,F
183,K,187,K
184,N,188,N
185,L,189,L
186,R,190,R
187,E,191,E
188,F,192,F
189,V,193,V
190,F,194,F
191,K,195,K
192,N,196,N
193,I,197,I
194,D,198,D
195,G,199,G
196,Y,200,Y
197,F,201,F
198,K,202,K
199,I,203,I
200,Y,204,Y
201,S,205,S
202,K,206,K
203,H,207,H
204,T,208,T
205,P,209,P
206,I,210,I
207,N,211,N
208,L,212,L
209,E,213,V
210,R,214,R
211,D,215,D
212,L,216,L
213,P,217,P
214,Q,218,Q
215,G,219,G
216,F,220,F
217,S,221,S
218,A,222,A
219,L,223,L
220,E,224,E
221,P,225,P
222,L,226,L
223,V,227,V
224,D,228,D
225,L,229,L
226,P,230,P
227,I,231,I
228,G,232,G
229,I,233,I
230,N,234,N
231,I,235,I
232,T,236,T
233,R,237,R
234,F,238,F
235,Q,239,Q
236,T,240,T
237,L,241,L
238,L,242,L
239,A,243,A
240,L,244,L
241,H,245,H
242,R,246,R
243,S,247,S
244,Y,248,Y
245,L,249,L
246,T,250,T
247,P,251,P
248,V,252,G
249,D,253,D
250,S,254,S
251,S,255,S
252,S,256,S
253,G,257,G
254,W,258,W
255,T,259,T
256,A,260,A
257,G,261,G
258,A,262,A
259,A,263,A
260,A,264,A
261,Y,265,Y
262,Y,266,Y
263,V,267,V
264,G,268,G
265,Y,269,Y
266,L,270,L
267,Q,271,Q
268,P,272,P
269,R,273,R
270,T,274,T
271,F,275,F
272,L,276,L
273,L,277,L
274,K,278,K
275,Y,279,Y
276,N,280,N
277,E,281,E
278,N,282,N
279,G,283,G
280,T,284,T
281,I,285,I
282,T,286,T
283,D,287,D
284,A,288,A
285,V,289,V
286,D,290,D
287,C,291,C
288,A,292,A
289,L,293,L
290,D,294,D
291,P,295,P
292,L,296,L
293,S,297,S
294,E,298,E
295,T,299,T
296,K,300,K
297,C,301,C
298,T,302,T
299,L,303,L
300,K,304,K
301,S,305,S
302,F,306,F
303,T,307,T
304,V,308,V
305,E,309,E
306,K,310,K
307,G,311,G
308,I,312,I
309,Y,313,Y
310,Q,314,Q
311,T,315,T
312,S,316,S
313,N,317,N
314,F,318,F
315,R,319,R
316,V,320,V
317,Q,321,Q
318,P,322,P
319,T,323,T
320,E,324,E
321,S,325,S
322,I,326,I
323,V,327,V
324,R,328,R
325,F,329,F
326,P,330,P
327,N,331,N
328,I,332,I
329,T,333,T
330,N,334,N
331,L,335,L
332,C,336,C
333,P,337,P
334,F,338,F
335,H,339,G
336,E,340,E
337,V,341,V
338,F,342,F
339,N,343,N
340,A,344,A
341,T,345,T
342,T,346,R
343,F,347,F
344,A,348,A
345,S,349,S
346,V,350,V
347,Y,351,Y
348,A,352,A
349,W,353,W
350,N,354,N
351,R,355,R
352,K,356,K
353,R,357,R
354,I,358,I
355,S,359,S
356,N,360,N
357,C,361,C
358,V,362,V
359,A,363,A
360,D,364,D
361,Y,365,Y
362,S,366,S
363,V,367,V
364,I,368,L
365,Y,369,Y
366,N,370,N
367,F,371,S
368,A,372,A
369,P,373,S
370,F,374,F
371,F,375,S
372,A,376,T
373,F,377,F
374,K,378,K
375,C,379,C
376,Y,380,Y
377,G,381,G
378,V,382,V
379,S,383,S
380,P,384,P
381,T,385,T
382,K,386,K
383,L,387,L
384,N,388,N
385,D,389,D
386,L,390,L
387,C,391,C
388,F,392,F
389,T,393,T
390,N,394,N
391,V,395,V
392,Y,396,Y
393,A,397,A
394,D,398,D
395,S,399,S
396,F,400,F
397,V,401,V
398,I,402,I
399,R,403,R
400,G,404,G
401,N,405,D
402,E,406,E
403,V,407,V
404,S,408,R
405,Q,409,Q
406,I,410,I
407,A,411,A
408,P,412,P
409,G,413,G
410,Q,414,Q
411,T,415,T
412,G,416,G
413,N,417,K
414,I,418,I
415,A,419,A
416,D,420,D
417,Y,421,Y
418,N,422,N
419,Y,423,Y
420,K,424,K
421,L,425,L
422,P,426,P
423,D,427,D
424,D,428,D
425,F,429,F
426,T,430,T
427,G,431,G
428,C,432,C
429,V,433,V
430,I,434,I
431,A,435,A
432,W,436,W
433,N,437,N
434,S,438,S
435,N,439,N
436,K,440,N
437,L,441,L
438,D,442,D
439,S,443,S
440,K,444,K
441,P,445,V
442,S,446,G
443,G,447,G
444,N,448,N
445,Y,449,Y
446,N,450,N
447,Y,451,Y
448,L,452,L
449,Y,453,Y
450,R,454,R
451,L,455,L
452,F,456,F
453,R,457,R
454,K,458,K
455,S,459,S
456,K,460,N
457,L,461,L
458,K,462,K
459,P,463,P
460,F,464,F
461,E,465,E
462,R,466,R
463,D,467,D
464,I,468,I
465,S,469,S
466,T,470,T
467,E,471,E
468,I,472,I
469,Y,473,Y
470,Q,474,Q
471,A,475,A
472,G,476,G
473,N,477,S
474,K,478,T
475,P,479,P
476,C,480,C
477,N,481,N
478,G,482,G
479,V,483,V
480,A,484,E
481,G,485,G
482,P,486,F
483,N,487,N
484,C,488,C
485,Y,489,Y
486,F,490,F
487,P,491,P
488,L,492,L
489,Q,493,Q
490,S,494,S
491,Y,495,Y
492,G,496,G
493,F,497,F
494,R,498,Q
495,P,499,P
496,T,500,T
497,Y,501,N
498,G,502,G
499,V,503,V
500,G,504,G
501,H,505,Y
502,Q,506,Q
503,P,507,P
504,Y,508,Y
505,R,509,R
506,V,510,V
507,V,511,V
508,V,512,V
509,L,513,L
510,S,514,S
511,F,515,F
512,E,516,E
513,L,517,L
514,L,518,L
515,H,519,H
516,A,520,A
517,P,521,P
518,A,522,A
519,T,523,T
520,V,524,V
521,C,525,C
522,G,526,G
523,P,527,P
524,K,528,K
525,K,529,K
526,S,530,S
527,T,531,T
528,N,532,N
529,L,533,L
530,V,534,V
531,K,535,K
532,N,536,N
533,K,537,K
534,C,538,C
535,V,539,V
536,N,540,N
537,F,541,F
538,N,542,N
539,F,543,F
540,N,544,N
541,G,545,G
542,L,546,L
543,T,547,T
544,G,548,G
545,T,549,T
546,G,550,G
547,V,551,V
548,L,552,L
549,T,553,T
550,E,554,E
551,S,555,S
552,N,556,N
553,K,557,K
554,K,558,K
555,F,559,F
556,L,560,L
557,P,561,P
558,F,562,F
559,Q,563,Q
560,Q,564,Q
561,F,565,F
562,G,566,G
563,R,567,R
564,D,568,D
565,I,569,I
566,A,570,A
567,D,571,D
568,T,572,T
569,T,573,T
570,D,574,D
571,A,575,A
572,V,576,V
573,R,577,R
574,D,578,D
575,P,579,P
576,Q,580,Q
577,T,581,T
578,L,582,L
579,E,583,E
580,I,584,I
581,L,585,L
582,D,586,D
583,I,587,I
584,T,588,T
585,P,589,P
586,C,590,C
587,S,591,S
588,F,592,F
589,G,593,G
590,G,594,G
591,V,595,V
592,S,596,S
593,V,597,V
594,I,598,I
595,T,599,T
596,P,600,P
597,G,601,G
598,T,602,T
599,N,603,N
600,T,604,T
601,S,605,S
602,N,606,N
603,Q,607,Q
604,V,608,V
605,A,609,A
606,V,610,V
607,L,611,L
608,Y,612,Y
609,Q,613,Q
610,G,614,D
611,V,615,V
612,N,616,N
613,C,617,C
614,T,618,T
615,E,619,E
616,V,620,V
617,P,621,P
618,V,622,V
619,A,623,A
620,I,624,I
621,H,625,H
622,A,626,A
623,D,627,D
624,Q,628,Q
625,L,629,L
626,T,630,T
627,P,631,P
628,T,632,T
629,W,633,W
630,R,634,R
631,V,635,V
632,Y,636,Y
633,S,637,S
634,T,638,T
635,G,639,G
636,S,640,S
637,N,641,N
638,V,642,V
639,F,643,F
640,Q,644,Q
641,T,645,T
642,R,646,R
643,A,647,A
644,G,648,G
645,C,649,C
646,L,650,L
647,I,651,I
648,G,652,G
649,A,653,A
650,E,654,E
651,Y,655,H
652,V,656,V
653,N,657,N
654,N,658,N
655,S,659,S
656,Y,660,Y
657,E,661,E
658,C,662,C
659,D,663,D
660,I,664,I
661,P,665,P
662,I,666,I
663,G,667,G
664,A,668,A
665,G,669,G
666,I,670,I
667,C,671,C
668,A,672,A
669,S,673,S
670,Y,674,Y
671,Q,675,Q
672,T,676,T
673,Q,677,Q
674,T,678,T
675,K,679,N
676,S,680,S
677,H,681,P
678,R,682,R
679,R,683,R
680,A,684,A
681,R,685,R
682,S,686,S
683,V,687,V
684,A,688,A
685,S,689,S
686,Q,690,Q
687,S,691,S
688,I,692,I
689,I,693,I
690,A,694,A
691,Y,695,Y
692,T,696,T
693,M,697,M
694,S,698,S
695,L,699,L
696,G,700,G
697,A,701,A
698,E,702,E
699,N,703,N
700,S,704,S
701,V,705,V
702,A,706,A
703,Y,707,Y
704,S,708,S
705,N,709,N
706,N,710,N
707,S,711,S
708,I,712,I
709,A,713,A
710,I,714,I
711,P,715,P
712,T,716,T
713,N,717,N
714,F,718,F
715,T,719,T
716,I,720,I
717,S,721,S
718,V,722,V
719,T,723,T
720,T,724,T
721,E,725,E
722,I,726,I
723,L,727,L
724,P,728,P
725,V,729,V
726,S,730,S
727,M,731,M
728,T,732,T
729,K,733,K
730,T,734,T
731,S,735,S
732,V,736,V
733,D,737,D
734,C,738,C
735,T,739,T
736,M,740,M
737,Y,741,Y
738,I,742,I
739,C,743,C
740,G,744,G
741,D,745,D
742,S,746,S
743,T,747,T
744,E,748,E
745,C,749,C
746,S,750,S
747,N,751,N
748,L,752,L
749,L,753,L
750,L,754,L
751,Q,755,Q
752,Y,756,Y
753,G,757,G
754,S,758,S
755,F,759,F
756,C,760,C
757,T,761,T
758,Q,762,Q
759,L,763,L
760,K,764,N
761,R,765,R
762,A,766,A
763,L,767,L
764,T,768,T
765,G,769,G
766,I,770,I
767,A,771,A
768,V,772,V
769,E,773,E
770,Q,774,Q
771,D,775,D
772,K,776,K
773,N,777,N
774,T,778,T
775,Q,779,Q
776,E,780,E
777,V,781,V
778,F,782,F
779,A,783,A
780,Q,784,Q
781,V,785,V
782,K,786,K
783,Q,787,Q
784,I,788,I
785,Y,789,Y
786,K,790,K
787,T,791,T
788,P,792,P
789,P,793,P
790,I,794,I
791,K,795,K
792,Y,796,D
793,F,797,F
794,G,798,G
795,G,799,G
796,F,800,F
797,N,801,N
798,F,802,F
799,S,803,S
800,Q,804,Q
801,I,805,I
802,L,806,L
803,P,807,P
804,D,808,D
805,P,809,P
806,S,810,S
807,K,811,K
808,P,812,P
809,S,813,S
810,K,814,K
811,R,815,R
812,S,816,S
813,F,817,F
814,I,818,I
815,E,819,E
816,D,820,D
817,L,821,L
818,L,822,L
819,F,823,F
820,N,824,N
821,K,825,K
822,V,826,V
823,T,827,T
824,L,828,L
825,A,829,A
826,D,830,D
827,A,831,A
828,G,832,G
829,F,833,F
830,I,834,I
831,K,835,K
832,Q,836,Q
833,Y,837,Y
834,G,838,G
835,D,839,D
836,C,840,C
837,L,841,L
838,G,842,G
839,D,843,D
840,I,844,I
841,A,845,A
842,A,846,A
843,R,847,R
844,D,848,D
845,L,849,L
846,I,850,I
847,C,851,C
848,A,852,A
849,Q,853,Q
850,K,854,K
851,F,855,F
852,N,856,N
853,G,857,G
854,L,858,L
855,T,859,T
856,V,860,V
857,L,861,L
858,P,862,P
859,P,863,P
860,L,864,L
861,L,865,L
862,T,866,T
863,D,867,D
864,E,868,E
865,M,869,M
866,I,870,I
867,A,871,A
868,Q,872,Q
869,Y,873,Y
870,T,874,T
871,S,875,S
872,A,876,A
873,L,877,L
874,L,878,L
875,A,879,A
876,G,880,G
877,T,881,T
878,I,882,I
879,T,883,T
880,S,884,S
881,G,885,G
882,W,886,W
883,T,887,T
884,F,888,F
885,G,889,G
886,A,890,A
887,G,891,G
888,A,892,A
889,A,893,A
890,L,894,L
891,Q,895,Q
892,I,896,I
893,P,897,P
894,F,898,F
895,A,899,A
896,M,900,M
897,Q,901,Q
898,M,902,M
899,A,903,A
900,Y,904,Y
901,R,905,R
902,F,906,F
903,N,907,N
904,G,908,G
905,I,909,I
906,G,910,G
907,V,911,V
908,T,912,T
909,Q,913,Q
910,N,914,N
911,V,915,V
912,L,916,L
913,Y,917,Y
914,E,918,E
915,N,919,N
916,Q,920,Q
917,K,921,K
918,L,922,L
919,I,923,I
920,A,924,A
921,N,925,N
922,Q,926,Q
923,F,927,F
924,N,928,N
925,S,929,S
926,A,930,A
927,I,931,I
928,G,932,G
929,K,933,K
930,I,934,I
931,Q,935,Q
932,D,936,D
933,S,937,S
934,L,938,L
935,S,939,S
936,S,940,S
937,T,941,T
938,A,942,A
939,S,943,S
940,A,944,A
941,L,945,L
942,G,946,G
943,K,947,K
944,L,948,L
945,Q,949,Q
946,D,950,D
947,V,951,V
948,V,952,V
949,N,953,N
950,H,954,Q
951,N,955,N
952,A,956,A
953,Q,957,Q
954,A,958,A
955,L,959,L
956,N,960,N
957,T,961,T
958,L,962,L
959,V,963,V
960,K,964,K
961,Q,965,Q
962,L,966,L
963,S,967,S
964,S,968,S
965,K,969,N
966,F,970,F
967,G,971,G
968,A,972,A
969,I,973,I
970,S,974,S
971,S,975,S
972,V,976,V
973,L,977,L
974,N,978,N
975,D,979,D
976,I,980,I
977,L,981,L
978,S,982,S
979,R,983,R
980,L,984,L
981,D,985,D
982,K,986,K
983,V,987,V
984,E,988,E
985,A,989,A
986,E,990,E
987,V,991,V
988,Q,992,Q
989,I,993,I
990,D,994,D
991,R,995,R
992,L,996,L
993,I,997,I
994,T,998,T
995,G,999,G
996,R,1000,R
997,L,1001,L
998,Q,1002,Q
999,S,1003,S
1000,L,1004,L
1001,Q,1005,Q
1002,T,1006,T
1003,Y,1007,Y
1004,V,1008,V
1005,T,1009,T
1006,Q,1010,Q
1007,Q,1011,Q
1008,L,1012,L
1009,I,1013,I
1010,R,1014,R
1011,A,1015,A
1012,A,1016,A
1013,E,1017,E
1014,I,1018,I
1015,R,1019,R
1016,A,1020,A
1017,S,1021,S
1018,A,1022,A
1019,N,1023,N
1020,L,1024,L
1021,A,1025,A
1022,A,1026,A
1023,T,1027,T
1024,K,1028,K
1025,M,1029,M
1026,S,1030,S
1027,E,1031,E
1028,C,1032,C
1029,V,1033,V
1030,L,1034,L
1031,G,1035,G
1032,Q,1036,Q
1033,S,1037,S
1034,K,1038,K
1035,R,1039,R
1036,V,1040,V
1037,D,1041,D
1038,F,1042,F
1039,C,1043,C
1040,G,1044,G
1041,K,1045,K
1042,G,1046,G
1043,Y,1047,Y
1044,H,1048,H
1045,L,1049,L
1046,M,1050,M
1047,S,1051,S
1048,F,1052,F
1049,P,1053,P
1050,Q,1054,Q
1051,S,1055,S
1052,A,1056,A
1053,P,1057,P
1054,H,1058,H
1055,G,1059,G
1056,V,1060,V
1057,V,1061,V
1058,F,1062,F
1059,L,1063,L
1060,H,1064,H
1061,V,1065,V
1062,T,1066,T
1063,Y,1067,Y
1064,V,1068,V
1065,P,1069,P
1066,A,1070,A
1067,Q,1071,Q
1068,E,1072,E
1069,K,1073,K
1070,N,1074,N
1071,F,1075,F
1072,T,1076,T
1073,T,1077,T
1074,A,1078,A
1075,P,1079,P
1076,A,1080,A
1077,I,1081,I
1078,C,1082,C
1079,H,1083,H
1080,D,1084,D
1081,G,1085,G
1082,K,1086,K
1083,A,1087,A
1084,H,1088,H
1085,F,1089,F
1086,P,1090,P
1087,R,1091,R
1088,E,1092,E
1089,G,1093,G
1090,V,1094,V
1091,F,1095,F
1092,V,1096,V
1093,S,1097,S
1094,N,1098,N
1095,G,1099,G
1096,T,1100,T
1097,H,1101,H
1098,W,1102,W
1099,F,1103,F
1100,V,1104,V
1101,T,1105,T
1102,Q,1106,Q
1103,R,1107,R
1104,N,1108,N
1105,F,1109,F
1106,Y,1110,Y
1107,E,1111,E
1108,P,1112,P
1109,Q,1113,Q
1110,I,1114,I
1111,I,1115,I
1112,T,1116,T
1113,T,1117,T
1114,D,1118,D
1115,N,1119,N
1116,T,1120,T
1117,F,1121,F
1118,V,1122,V
1119,S,1123,S
1120,G,1124,G
1121,N,1125,N
1122,C,1126,C
1123,D,1127,D
1124,V,1128,V
1125,V,1129,V
1126,I,1130,I
1127,G,1131,G
1128,I,1132,I
1129,V,1133,V
1130,N,1134,N
1131,N,1135,N
1132,T,1136,T
1133,V,1137,V
1134,Y,1138,Y
1135,D,1139,D
1136,P,1140,P
1137,L,1141,L
1138,Q,1142,Q
1139,P,1143,P
1140,E,1144,E
1141,L,1145,L
1142,D,1146,D
1143,S,1147,S
1144,F,1148,F
1145,K,1149,K
1146,E,1150,E
1147,E,1151,E
1148,L,1152,L
1149,D,1153,D
1150,K,1154,K
1151,Y,1155,Y
1152,F,1156,F
1153,K,1157,K
1154,N,1158,N
1155,H,1159,H
1156,T,1160,T
1157,S,1161,S
1158,P,1162,P
1159,D,1163,D
1160,V,1164,V
1161,D,1165,D
1162,L,1166,L
1163,G,1167,G
1164,D,1168,D
1165,I,1169,I
1166,S,1170,S
1167,G,1171,G
1168,I,1172,I
1169,N,1173,N
1170,A,1174,A
1171,S,1175,S
1172,V,1176,V
1173,V,1177,V
1174,N,1178,N
1175,I,1179,I
1176,Q,1180,Q
1177,K,1181,K
1178,E,1182,E
1179,I,1183,I
1180,D,1184,D
1181,R,1185,R
1182,L,1186,L
1183,N,1187,N
1184,E,1188,E
1185,V,1189,V
1186,A,1190,A
1187,K,1191,K
1188,N,1192,N
1189,L,1193,L
1190,N,1194,N
1191,E,1195,E
1192,S,1196,S
1193,L,1197,L
1194,I,1198,I
1195,D,1199,D
1196,L,1200,L
1197,Q,1201,Q
1198,E,1202,E
1199,L,1203,L
1200,G,1204,G
1201,K,1205,K
1202,Y,1206,Y
1203,E,1207,E
1204,Q,1208,Q
1205,Y,1209,Y
1206,I,1210,I
1207,K,1211,K
1208,W,1212,W
1209,P,1213,P
1210,W,1214,W
1211,Y,1215,Y
1212,I,1216,I
1213,W,1217,W
1214,L,1218,L
1215,G,1219,G
1216,F,1220,F
1217,I,1221,I
1218,A,1222,A
1219,G,1223,G
1220,L,1224,L
1221,I,1225,I
1222,A,1226,A
1223,I,1227,I
1224,V,1228,V
1225,M,1229,M
1226,V,1230,V
1227,T,1231,T
1228,I,1232,I
1229,M,1233,M
1230,L,1234,L
1231,C,1235,C
1232,C,1236,C
1233,M,1237,M
1234,T,1238,T
1235,S,1239,S
1236,C,1240,C
1237,C,1241,C
1238,S,1242,S
1239,C,1243,C
1240,L,1244,L
1241,K,1245,K
1242,G,1246,G
1243,C,1247,C
1244,C,1248,C
1245,S,1249,S
1246,C,1250,C
1247,G,1251,G
1248,S,1252,S
1249,*,1253,C
