clade,date,spike_muts_from_dms_clade,has_L455F,growth_rate,n_sequences,sera escape,ACE2 affinity,cell entry
XBB,2022-09-17,V252G; P486S,False,-0.93671,1650,-0.1553,-0.6034700000000001,-0.21617999999999998
XBB.1,2022-10-03,P486S,False,1.2048,17510,-0.2269,-0.5783,-0.247
XBB.1.1,2022-10-15,P486S,False,-1.5875,1007,-0.2269,-0.5783,-0.247
XBB.1.4,2022-11-06,P486S; T883I,False,5.1684,519,-0.15058,-0.7408,-0.3478
XBB.1.4.1,2022-11-25,P486S; S673G; T883I,False,3.3761,1455,-0.13887,-0.4236000000000001,-1.1275
XBB.1.5,2022-11-08,,False,25.309,156404,0,0,0
XBB.1.5.1,2023-01-28,T573I,False,29.247,3285,-0.02976,-0.07144,0.07914
XBB.1.5.2,2023-01-29,K147I; T284I,False,27.317,975,-0.02996,-0.2448,0.011030000000000002
XBB.1.5.3,2023-01-29,A411S,False,25.712,330,-0.006861,0.01833,-0.2186
XBB.1.5.4,2023-02-10,T883I,False,29.901,2023,0.07632,-0.1625,-0.1008
XBB.1.5.5,2023-02-10,K1181I,False,29.693,1054,-0.003512,0.04976,-0.1511
XBB.1.5.6,2023-02-10,V952I,False,23.16,280,-0.07848,0.1573,0.06078
XBB.1.5.7,2023-02-10,,False,24.667,6252,0,0,0
EM.1,2023-02-26,R214L,False,24.581,598,0.05816,-0.08279,-0.1346
XBB.1.5.8,2023-02-10,,False,21.732,321,0,0,0
XBB.1.5.9,2023-02-10,,False,20.916,879,0,0,0
XBB.1.5.10,2023-02-10,F456L,False,37.889,2176,0.2001,-0.3013,-0.02328
XBB.1.5.11,2023-02-19,,False,22.3,1470,0,0,0
XBB.1.5.12,2023-02-19,T323I,False,28.775,2303,-0.137,-0.1482,-0.257
XBB.1.5.13,2023-02-19,,False,25.821,6375,0,0,0
EK.2,2023-02-26,T259I,False,25.841,403,-0.01375,-0.1702,0.06108
EK.3,2023-03-22,P251S,False,25.266,231,-0.1013,-0.2165,-0.001705
XBB.1.5.14,2023-02-21,,False,24.504,911,0,0,0
EL.1,2023-02-21,Q675H,False,27.606,1201,-0.001338,-0.1003,-0.3333
XBB.1.5.15,2023-02-26,,False,26.147,4535,0,0,0
FD.1.1,2023-03-22,F456L,False,36.919,1868,0.2001,-0.3013,-0.02328
FD.2,2023-03-27,Q146K,False,26.365,2569,-0.06804,-0.02033,0.05065
FD.3,2023-05-03,A348S,False,28.111,223,0.2003,-0.1663,0.005438
FD.4,2023-05-06,,False,28.265,957,0,0,0
FD.4.1,2023-07-19,,False,24.003,316,0,0,0
XBB.1.5.16,2023-02-26,,False,25.222,2089,0,0,0
FG.2,2023-03-24,D178N,False,27.292,296,0.01579,0.02056,-0.03643
FG.3,2023-03-24,I934V,False,28.537,208,0.02419,-0.2596,0.07747
XBB.1.5.17,2023-02-26,,False,25.334,3049,0,0,0
FH.1,2023-03-27,T883I,False,30.034,343,0.07632,-0.1625,-0.1008
XBB.1.5.18,2023-02-26,,False,26.251,2216,0,0,0
XBB.1.5.19,2023-02-26,,False,21.306,1327,0,0,0
XBB.1.5.20,2023-02-26,,False,26.045,2767,0,0,0
XBB.1.5.21,2023-02-26,,False,25.286,1642,0,0,0
XBB.1.5.22,2023-03-18,Q146K,False,20.179,314,-0.06804,-0.02033,0.05065
XBB.1.5.23,2023-03-18,,False,28.059,1016,0,0,0
XBB.1.5.24,2023-03-18,,False,28.268,3234,0,0,0
GF.1,2023-05-23,E748V,False,38.836,1193,0.07404,-0.4767,0.06399
XBB.1.5.25,2023-03-18,K97T,False,25.8,661,0.1069,-0.08113,-0.01326
XBB.1.5.26,2023-03-19,,False,27.669,241,0,0,0
EU.1.1,2023-03-19,I410V; P521S,False,35.027,1825,-0.034949999999999995,-0.06709999999999999,-0.18045
EU.1.1.1,2023-04-26,I410V; P521S,False,34.923,597,-0.034949999999999995,-0.06709999999999999,-0.18045
XBB.1.5.27,2023-03-22,K478R,False,32.11,318,0.02994,-0.09573,0.03784
XBB.1.5.28,2023-03-22,K478R,False,35.073,761,0.02994,-0.09573,0.03784
XBB.1.5.30,2023-03-22,A348T,False,30.41,808,0.008368,-0.01643,0.04135
XBB.1.5.31,2023-03-24,,False,24.482,2080,0,0,0
XBB.1.5.32,2023-03-24,,False,25.455,2642,0,0,0
XBB.1.5.33,2023-03-24,,False,23.464,2007,0,0,0
XBB.1.5.34,2023-03-24,,False,22.429,638,0,0,0
XBB.1.5.35,2023-03-24,N978S,False,28.962,1292,-0.1159,-0.1391,-0.1005
XBB.1.5.36,2023-03-24,,False,25.257,582,0,0,0
XBB.1.5.37,2023-03-27,K1045R,False,33.532,3551,0.05959,-0.1069,-0.06603
XBB.1.5.39,2023-03-27,,False,22.779,1013,0,0,0
GR.1,2023-06-12,E281D; P445S,False,35.659,905,-0.13497,-0.3154,-0.03313
XBB.1.5.43,2023-04-24,,False,28.064,346,0,0,0
XBB.1.5.44,2023-04-23,K356T; T572I,False,39.849,231,0.044800000000000006,0.05359999999999998,0.018600000000000005
XBB.1.5.46,2023-04-23,,False,26.772,1594,0,0,0
GB.1,2023-05-06,L518V,False,37.045,731,0.02201,-0.3646,0.07188
XBB.1.5.47,2023-04-25,,False,27.923,702,0,0,0
XBB.1.5.48,2023-04-25,,False,24.754,2044,0,0,0
GV.1,2023-06-20,K478R,False,40.3,339,0.02994,-0.09573,0.03784
XBB.1.5.49,2023-04-25,,False,30.792,3154,0,0,0
HT.1,2023-07-26,N148T,False,33.094,298,-0.05211,0.07005,0.007075
HT.2,2023-07-26,T51I,False,33.023,528,-0.01601,-0.07416,0.00951
XBB.1.5.50,2023-04-26,P621S,False,29.064,591,-0.1209,-0.1898,0.01162
XBB.1.5.51,2023-04-26,,False,26.817,1553,0,0,0
XBB.1.5.52,2023-04-26,,False,26.281,1599,0,0,0
XBB.1.5.55,2023-05-03,,False,25.026,435,0,0,0
XBB.1.5.56,2023-05-05,A852S,False,27.847,537,-0.1249,0.2201,-0.0788
XBB.1.5.57,2023-05-05,,False,27.664,511,0,0,0
XBB.1.5.59,2023-05-06,F456L,False,39.844,719,0.2001,-0.3013,-0.02328
XBB.1.5.60,2023-05-06,M177I,False,27.405,337,0.02606,0.04802,0.04632
XBB.1.5.61,2023-05-06,,False,25.848,642,0,0,0
XBB.1.5.62,2023-05-06,,False,26.914,973,0,0,0
XBB.1.5.63,2023-05-06,,False,26.172,1373,0,0,0
XBB.1.5.64,2023-05-06,,False,26.351,289,0,0,0
XBB.1.5.65,2023-05-06,,False,28.455,1461,0,0,0
XBB.1.5.66,2023-05-06,,False,27.167,1186,0,0,0
XBB.1.5.67,2023-05-06,,False,24.778,1596,0,0,0
HZ.1,2023-08-04,K478R; P521T,False,45.544,472,-0.07985999999999999,-0.14105,-0.08096
HZ.2,2023-08-04,P521T,False,39.009,293,-0.1098,-0.04532,-0.1188
HZ.3,2023-08-04,P521T,False,32.764,209,-0.1098,-0.04532,-0.1188
XBB.1.5.69,2023-05-07,,False,29.011,577,0,0,0
XBB.1.5.70,2023-05-22,L455F; F456L,True,45.164,499,0.3517,-1.2607,0.09792000000000001
GK.1,2023-06-06,L455F; F456L; S704L,True,49.444,652,0.29713,-0.9915999999999999,0.17237000000000002
GK.1.1,2023-07-13,L455F; F456L; T573I; S704L,True,60.481,1205,0.26737,-1.06304,0.25151
XBB.1.5.72,2023-05-31,F456L,False,45.745,1477,0.2001,-0.3013,-0.02328
XBB.1.5.73,2023-06-01,,False,33.259,1111,0,0,0
GN.1,2023-06-10,F456L,False,47.775,513,0.2001,-0.3013,-0.02328
XBB.1.5.75,2023-06-01,,False,28.662,504,0,0,0
XBB.1.5.76,2023-06-01,,False,30.54,1077,0,0,0
XBB.1.5.77,2023-06-01,,False,30.242,1972,0,0,0
XBB.1.5.78,2023-06-01,,False,28.903,492,0,0,0
XBB.1.5.79,2023-06-01,,False,23.576,398,0,0,0
XBB.1.5.80,2023-06-01,,False,27.648,550,0,0,0
XBB.1.5.86,2023-06-10,,False,30.183,794,0,0,0
XBB.1.5.88,2023-06-28,,False,27.974,231,0,0,0
XBB.1.5.90,2023-07-10,P621S,False,31.053,359,-0.1209,-0.1898,0.01162
XBB.1.5.91,2023-07-10,P621S,False,28.664,657,-0.1209,-0.1898,0.01162
XBB.1.5.92,2023-07-11,,False,30.617,281,0,0,0
XBB.1.5.94,2023-07-14,Q613H,False,30.973,386,-0.01907,-0.4249,0.1315
XBB.1.5.95,2023-07-19,,False,26.595,1376,0,0,0
HS.1,2023-07-26,K478R,False,42.281,227,0.02994,-0.09573,0.03784
XBB.1.5.96,2023-07-19,,False,26.267,658,0,0,0
XBB.1.5.97,2023-07-24,T941S,False,31.391,409,-0.01727,-0.07001,0.0871
XBB.1.5.99,2023-07-25,,False,24.805,439,0,0,0
XBB.1.5.100,2023-08-02,V1122M,False,31.147,597,0.01212,0.03866,-0.08652
HY.1,2023-08-02,K478R; V1122M,False,45.232,322,0.04206,-0.057069999999999996,-0.04868
XBB.1.5.102,2023-08-22,,False,23.78,1239,0,0,0
JD.1.1,2023-08-25,L455F; F456L; A475V,True,67.525,388,0.5118,-1.9899999999999998,0.12518
XBB.1.5.104,2023-09-01,K304Q,False,33.298,402,-0.01765,-0.049,-1.094
XBB.1.9,2023-01-09,P486S,False,8.7085,986,-0.2269,-0.5783,-0.247
XBB.1.9.1,2023-01-09,,False,33.182,14817,0,0,0
FL.1,2023-04-04,A701V,False,35.017,639,0.004834,-0.0089,0.02643
FL.1.2,2023-05-07,A701V,False,34.35,251,0.004834,-0.0089,0.02643
FL.1.3,2023-05-07,A701V,False,36.584,563,0.004834,-0.0089,0.02643
FL.1.5,2023-06-06,F456L; A701V,False,45.469,498,0.204934,-0.31020000000000003,0.00315
FL.1.5.1,2023-06-06,F456L; K478R; A701V,False,58.532,4724,0.234874,-0.40593,0.04099
HN.1,2023-07-24,A67S; F456L; K478R; A701V,False,58.839,312,0.264114,-0.44425000000000003,0.06322
FL.2,2023-04-04,,False,33.472,3640,0,0,0
FL.2.1,2023-04-22,,False,32.943,642,0,0,0
FL.2.3,2023-06-12,,False,40.812,1893,0,0,0
FL.2.4,2023-07-10,,False,38.736,458,0,0,0
FL.3,2023-04-22,,False,31.133,2035,0,0,0
FL.3.1,2023-05-07,,False,32.431,1161,0,0,0
FL.3.2,2023-05-07,,False,32.008,802,0,0,0
FL.3.3,2023-05-07,,False,29.709,312,0,0,0
FL.4,2023-04-22,,False,34.437,6392,0,0,0
FL.4.2,2023-05-23,V289I,False,38.851,256,-0.09312,-0.07623,-0.2024
FL.4.5,2023-06-30,,False,35.419,860,0,0,0
FL.4.6,2023-06-30,,False,36.473,717,0,0,0
FL.4.8,2023-08-31,K478R,False,43.367,209,0.02994,-0.09573,0.03784
FL.4.9,2023-08-31,S254P,False,39.582,211,-0.000895,-0.04296,0.06217
FL.5,2023-04-22,,False,32.477,2849,0,0,0
FL.7,2023-05-06,T51I,False,37.23,432,-0.01601,-0.07416,0.00951
FL.8,2023-05-07,,False,30.9,1043,0,0,0
FL.9,2023-05-07,,False,33.73,269,0,0,0
FL.10,2023-05-07,,False,31.838,1335,0,0,0
FL.10.1,2023-06-10,E554K,False,48.456,1313,0.08039,-0.1947,-0.0152
FL.11,2023-05-07,,False,34.063,360,0,0,0
FL.12,2023-05-08,,False,30.97,986,0,0,0
FL.13,2023-05-23,,False,31.448,1253,0,0,0
FL.13.1,2023-05-23,A411S,False,32.828,224,-0.006861,0.01833,-0.2186
FL.13.2,2023-06-28,K356T,False,51.915,225,0.3649,-0.3785,-0.1362
FL.13.3,2023-07-23,,False,33.083,398,0,0,0
FL.14,2023-05-23,V1122M,False,39.424,718,0.01212,0.03866,-0.08652
FL.15,2023-05-29,F456L,False,46.115,1359,0.2001,-0.3013,-0.02328
FL.16,2023-05-30,D215V,False,42.503,524,-0.08437,0.03181,-0.1983
FL.17,2023-06-14,,False,27.072,283,0,0,0
FL.18,2023-06-28,,False,35.848,1025,0,0,0
FL.19,2023-06-28,,False,34.781,527,0,0,0
FL.20,2023-06-29,Q52H; F456L,False,54.641,544,0.1279,-0.13160000000000002,0.05056000000000001
FL.22,2023-06-30,,False,35.543,426,0,0,0
FL.24,2023-07-09,Q613H; A688V,False,47.562,420,-0.020868,-0.47534,0.04751000000000001
FL.25,2023-07-10,E554K,False,41.952,336,0.08039,-0.1947,-0.0152
FL.26,2023-07-10,,False,31.518,216,0,0,0
FL.27,2023-07-19,,False,29.945,722,0,0,0
XBB.1.9.2,2023-02-03,,False,33.376,6967,0,0,0
EG.1,2023-02-19,Q613H,False,35.994,7614,-0.01907,-0.4249,0.1315
EG.1.2,2023-04-22,Q613H,False,31.461,1198,-0.01907,-0.4249,0.1315
EG.1.3,2023-04-22,Q613H,False,33.768,1172,-0.01907,-0.4249,0.1315
EG.1.4,2023-04-22,Q613H,False,33.55,1091,-0.01907,-0.4249,0.1315
EG.1.5,2023-06-30,S98F; Q613H,False,39.139,239,0.05718999999999999,-0.4851,0.04209
EG.1.6,2023-07-14,Q613H,False,36.016,2061,-0.01907,-0.4249,0.1315
EG.2,2023-04-04,K478R,False,41.738,2159,0.02994,-0.09573,0.03784
EG.4,2023-04-22,,False,32.453,1268,0,0,0
EG.5.1,2023-05-07,Q52H; F456L,False,52.548,9915,0.1279,-0.13160000000000002,0.05056000000000001
EG.5.1.1,2023-06-20,Q52H; F456L,False,55.323,15781,0.1279,-0.13160000000000002,0.05056000000000001
HK.3,2023-07-23,Q52H; L455F; F456L,True,77.369,2149,0.2795,-1.0910000000000002,0.17176
HK.6,2023-08-24,Q52H; D253G; F456L,False,60.487,646,-0.10239999999999999,-0.255,-0.07883999999999998
EG.5.1.2,2023-07-23,Q52H; F456L,False,47.212,391,0.1279,-0.13160000000000002,0.05056000000000001
EG.5.1.3,2023-07-23,Q52H; F456L,False,57.225,4949,0.1279,-0.13160000000000002,0.05056000000000001
JG.3,2023-09-17,Q52H; L455F; F456L; S704L,True,77.12,215,0.22493000000000002,-0.8219000000000002,0.24620999999999998
EG.5.1.4,2023-07-23,Q52H; F456L,False,55.938,2304,0.1279,-0.13160000000000002,0.05056000000000001
EG.5.1.5,2023-07-23,Q52H; F456L,False,51.027,320,0.1279,-0.13160000000000002,0.05056000000000001
EG.5.1.6,2023-07-23,Q52H; F157L; F456L,False,59.101,1193,0.17447000000000001,0.15779999999999994,-0.05643999999999999
HV.1,2023-08-02,Q52H; F157L; L452R; F456L,False,69.434,1645,0.35607,0.31489999999999996,0.07216
EG.5.1.8,2023-09-11,Q52H; L455F; F456L,True,76.764,207,0.2795,-1.0910000000000002,0.17176
EG.5.2,2023-05-24,F456L,False,42.033,1032,0.2001,-0.3013,-0.02328
EG.5.2.1,2023-07-25,F456L; S704L,False,47.922,325,0.14553,-0.032200000000000006,0.05117000000000001
EG.6.1,2023-05-30,F456L,False,48.659,2337,0.2001,-0.3013,-0.02328
EG.7,2023-06-09,R403K; L513F,False,45.916,272,-0.3993,0.5634,-0.16469
EG.10.1,2023-07-24,A344T; R403K; S494P; A701V,False,58.545,473,-0.235466,0.9058,-0.10447
EG.13,2023-08-31,,False,31.266,923,0,0,0
EG.14,2023-09-10,,False,36.116,536,0,0,0
GD.1,2023-05-07,Y453F; P486S,False,41.002,354,-0.19885,0.8087,-0.3318
XBB.1.9.5,2023-03-19,P486S,False,15.211,273,-0.2269,-0.5783,-0.247
XBB.1.11.1,2023-01-31,,False,27.838,269,0,0,0
FP.4,2023-05-30,,False,30.429,379,0,0,0
XBB.1.15,2023-02-19,P486S,False,7.0877,4015,-0.2269,-0.5783,-0.247
XBB.1.16,2023-03-05,E180V; K478R,False,40.14,25010,0.00341,-0.016409999999999994,0.11235
XBB.1.16.1,2023-03-22,E180V; K478R; T547I,False,39.853,8686,0.041499999999999995,-0.26581,0.08563000000000001
FU.1,2023-04-22,E180V; K478R; T547I,False,41.991,5179,0.041499999999999995,-0.26581,0.08563000000000001
FU.2,2023-04-22,E180V; K478R; T547I,False,44.171,1237,0.041499999999999995,-0.26581,0.08563000000000001
FU.2.1,2023-06-20,E180V; K478R; T547I; E619Q,False,48.024,870,-0.027209999999999998,-0.45250999999999997,0.011660000000000018
FU.3,2023-06-28,E180V; K478R; T547I,False,35.256,256,0.041499999999999995,-0.26581,0.08563000000000001
XBB.1.16.2,2023-04-22,E180V; K478R,False,39.269,2303,0.00341,-0.016409999999999994,0.11235
GY.1,2023-06-26,L84I; E180V; K478R,False,45.937,303,0.11041000000000001,-0.29761,0.18985999999999997
GY.5,2023-07-19,E180V; K478R,False,41.902,947,0.00341,-0.016409999999999994,0.11235
GY.6,2023-07-19,E180V; K478R,False,41.353,406,0.00341,-0.016409999999999994,0.11235
GY.7,2023-07-19,E180V; K478R,False,43.537,211,0.00341,-0.016409999999999994,0.11235
XBB.1.16.3,2023-04-22,E180V; K478R,False,37.846,575,0.00341,-0.016409999999999994,0.11235
XBB.1.16.4,2023-05-05,E180V; K478R; T678I,False,35.786,364,-0.07284,0.11959000000000002,0.12663
XBB.1.16.5,2023-05-06,E180V; K478R,False,40.72,445,0.00341,-0.016409999999999994,0.11235
XBB.1.16.6,2023-05-07,E180V; F456L; K478R,False,54.575,4935,0.20351,-0.31771,0.08907000000000001
JF.1,2023-08-24,E180V; L455F; F456L; K478R,True,68.161,340,0.35511000000000004,-1.27711,0.21027
XBB.1.16.7,2023-05-25,E180V; K478R; T732I,False,42.283,502,-0.11529,0.35649000000000003,0.17400000000000002
XBB.1.16.8,2023-05-26,E180V; K478R; T732I,False,43.519,600,-0.11529,0.35649000000000003,0.17400000000000002
XBB.1.16.9,2023-05-30,E180V; F456L; K478R,False,50.803,652,0.20351,-0.31771,0.08907000000000001
XBB.1.16.10,2023-06-12,E180V; K478R,False,38.856,503,0.00341,-0.016409999999999994,0.11235
XBB.1.16.11,2023-06-14,E180V; K478R; P521T,False,52.576,2717,-0.10639,-0.06172999999999999,-0.006449999999999997
XBB.1.16.12,2023-06-30,Q52H; E180V; K478R,False,44.927,380,-0.06878999999999999,0.15328999999999998,0.18619000000000002
XBB.1.16.13,2023-06-30,E180V; K478R,False,39.88,415,0.00341,-0.016409999999999994,0.11235
HF.1,2023-07-14,E180V; K304N; K478R,False,51.645,2161,-0.028629999999999996,-0.39510999999999996,0.021590000000000012
XBB.1.16.14,2023-07-10,E180V; L452Q; K478R,False,49.022,294,0.21301,0.18059000000000003,-0.02654999999999999
XBB.1.16.15,2023-07-13,K147N; E180V; K478R; P521S,False,56.993,1255,0.08990000000000001,-0.350124,0.044569999999999985
XBB.1.16.18,2023-07-25,E180V; K478R,False,40.265,684,0.00341,-0.016409999999999994,0.11235
XBB.1.16.19,2023-07-25,E180V; K478R,False,42.141,881,0.00341,-0.016409999999999994,0.11235
XBB.1.16.20,2023-07-25,E180V; K478R,False,40.596,303,0.00341,-0.016409999999999994,0.11235
XBB.1.16.21,2023-07-25,E180V; K478R,False,43.186,582,0.00341,-0.016409999999999994,0.11235
XBB.1.16.22,2023-07-25,E180V; K478R,False,37.028,369,0.00341,-0.016409999999999994,0.11235
XBB.1.16.23,2023-09-01,E180V; K304Q; K478R,False,53.215,249,-0.014239999999999996,-0.06541,-0.98165
XBB.1.17.1,2023-03-18,D215H,False,31.172,1063,-0.04563,-0.008606,0.03719
GA.2,2023-05-06,D215H,False,29.241,229,-0.04563,-0.008606,0.03719
XBB.1.18,2023-03-18,P486S,False,12.408,327,-0.2269,-0.5783,-0.247
XBB.1.18.1,2023-03-18,,False,29.124,1264,0,0,0
FE.1,2023-03-22,F456L,False,37.329,342,0.2001,-0.3013,-0.02328
FE.1.1,2023-05-05,F456L,False,41.046,1266,0.2001,-0.3013,-0.02328
FE.1.1.1,2023-06-09,F456L,False,38.505,287,0.2001,-0.3013,-0.02328
HE.1,2023-07-14,F456L; V622I,False,37.843,215,0.3318,-0.26243,0.00835
FE.1.2,2023-05-05,F456L,False,39.714,1512,0.2001,-0.3013,-0.02328
XBB.1.19.1,2023-03-19,E554K,False,31.405,519,0.08039,-0.1947,-0.0152
GW.1,2023-06-26,E554K,False,37.718,270,0.08039,-0.1947,-0.0152
XBB.1.22,2023-03-19,,False,41.142,417,0,0,0
XBB.1.22.1,2023-03-19,Y200C,False,40.95,881,0.3727,-0.6727,-0.07328
FY.1.2,2023-06-12,Y200C; T572I,False,45.855,420,0.05259999999999998,-0.24059999999999998,0.08152
FY.2,2023-05-04,I197T; Y200C,False,43.35,714,0.2819,-0.5721999999999999,-0.05737
FY.2.1,2023-07-23,I197T; Y200C; A684V,False,43.97,452,-0.0010999999999999899,-0.5083099999999999,-0.30417
FY.3,2023-05-04,Y200C,False,47.331,615,0.3727,-0.6727,-0.07328
FY.3.1,2023-05-24,Y200C; I210T,False,47.898,1725,0.35375999999999996,-0.69063,-0.007559999999999997
FY.3.2,2023-08-31,Y200C,False,47.043,731,0.3727,-0.6727,-0.07328
FY.3.3,2023-08-31,Y200C,False,48.46,478,0.3727,-0.6727,-0.07328
FY.5,2023-06-12,Y200C; K478R,False,47.425,708,0.40264,-0.76843,-0.03544
FY.6,2023-06-30,Y200C,False,38.855,313,0.3727,-0.6727,-0.07328
XBB.1.22.2,2023-03-19,,False,34.507,596,0,0,0
XBB.1.24.1,2023-05-07,L518Q,False,36.193,227,-0.0547,-0.6742,0.03006
XBB.1.33,2023-04-18,A376T; K964E,False,37.203,359,-0.10410000000000003,-0.15450000000000003,0.10633000000000001
XBB.1.37.1,2023-05-06,,False,31.762,304,0,0,0
XBB.1.41.1,2023-06-09,L335S; R403K; K478R,False,52.013,353,-0.3001599999999999,0.21767000000000003,-0.65266
XBB.1.42,2023-05-31,Q613H,False,41.4,447,-0.01907,-0.4249,0.1315
XBB.1.42.2,2023-07-23,Q613H,False,46.435,1542,-0.01907,-0.4249,0.1315
XBB.2,2022-10-15,V252G; D253G; P486S,False,0.2068,1353,-0.3856,-0.72687,-0.34558
XBB.2.2,2022-12-22,V252G; D253G; P486S; Q613H,False,2.5614,298,-0.40467,-1.15177,-0.21408
XBB.2.3,2023-01-31,V252G; D253G; P521S,False,38.729,5190,-0.10877,-0.47407,-0.19948
XBB.2.3.1,2023-03-24,D80Y; V252G; D253G; P521S,False,32.528,330,-0.08464000000000002,-0.50407,-0.28231
XBB.2.3.2,2023-03-24,G184V; V252G; D253G; P521S,False,40.615,1983,-0.1524,-0.32327,-0.1457
HH.1,2023-07-14,G184V; V252G; D253G; P521S,False,41.271,2043,-0.1524,-0.32327,-0.1457
HH.1.1,2023-07-14,G181A; G184V; V252G; D253G; P521S,False,42.291,225,-0.2722,-0.21957,-0.08961000000000001
HH.2,2023-07-14,G184V; V252G; D253G; P521S,False,44.365,437,-0.1524,-0.32327,-0.1457
XBB.2.3.3,2023-04-04,K182N; V252G; D253G; P521S,False,41.949,1054,-0.14107,-0.4961,-0.11163
GJ.1.1,2023-06-09,K182N; A222V; V252G; D253G; P521S,False,43.766,413,-0.35026999999999997,-0.3634,-0.08191999999999998
GJ.1.2,2023-06-26,K182N; V252G; D253G; P521S,False,48.171,3309,-0.14107,-0.4961,-0.11163
GJ.3,2023-07-14,K182N; V252G; D253G; P521S,False,40.279,321,-0.14107,-0.4961,-0.11163
GJ.4,2023-08-07,M153I; K182N; V252G; D253G; P521S,False,44.335,202,-0.1847,-0.43684,-0.07887999999999999
XBB.2.3.5,2023-04-12,V252G; D253G; K478N; P521S,False,40.121,479,0.0016299999999999926,-0.65357,-0.11121999999999999
XBB.2.3.6,2023-04-19,V252G; D253G; P521S,False,35.445,481,-0.10877,-0.47407,-0.19948
XBB.2.3.7,2023-04-19,V252G; D253G; P521S,False,34.858,296,-0.10877,-0.47407,-0.19948
XBB.2.3.8,2023-05-01,V252G; D253G; K478R; P521S,False,42.731,1877,-0.07883000000000001,-0.5698000000000001,-0.16164
GE.1,2023-05-07,N185-; F186I; V252G; D253G; K478R; P521S,False,51.373,1771,-0.12018000000000001,-0.59257,-0.17864999999999998
GE.1.3,2023-08-24,N185-; F186I; V252G; D253G; K478R; P521S; T732I,False,47.469,237,-0.23888,-0.21967000000000003,-0.11699999999999997
XBB.2.3.11,2023-05-07,V252G; D253G; K478R; P521S,False,44.757,833,-0.07883000000000001,-0.5698000000000001,-0.16164
GS.1,2023-06-12,E213D; V252G; D253G; K478R; P521S,False,44.2,382,-0.0037699999999999886,-0.5064,-0.08486999999999999
GS.4.1,2023-08-24,N185D; V252G; D253G; K478R; P521S,False,62.301,1060,-0.06242,-0.560662,-0.11528
XBB.2.3.14,2023-07-14,V252G; D253G; P521S,False,35.77,222,-0.10877,-0.47407,-0.19948
XBB.2.4,2023-02-03,V252G; D253G,False,23.512,543,-0.1587,-0.14857,-0.09857999999999999
XBB.2.5,2023-02-19,V252G; D253G; P486S; Q613H,False,9.2605,300,-0.40467,-1.15177,-0.21408
XBB.2.6,2023-02-26,V252G; D253G; P486S,False,6.3174,6504,-0.3856,-0.72687,-0.34558
GH.1,2023-06-01,V252G; D253G; P486S; P521S,False,27.913,293,-0.33567,-1.05237,-0.44648
XBB.2.6.2,2023-06-01,I19L; V252G; D253G; P486S,False,8.4191,264,-0.44603,-0.52997,-0.38454
XBB.2.8,2023-03-24,V252G; D253G; P486S,False,-0.91094,613,-0.3856,-0.72687,-0.34558
XBB.2.11.1,2023-06-11,V252G; D253G; P486S,False,7.3992,618,-0.3856,-0.72687,-0.34558
XBB.3,2022-10-15,V252G; P486S,False,-3.0883,879,-0.1553,-0.6034700000000001,-0.21617999999999998
XBB.3.2,2022-12-22,M177T; V252G; P486S,False,0.70015,221,-0.05159999999999998,-0.92777,-0.27094
XBB.4,2022-10-20,V252G; K444R; P486S,False,-0.43899,245,-0.17634,-0.55859,-0.26812
XBB.6.1,2023-01-09,V252G,False,15.834,293,0.0716,-0.02517,0.03082
XBB.8,2023-02-26,V252G; P486S,False,-4.7505,218,-0.1553,-0.6034700000000001,-0.21617999999999998
XBB.9,2023-04-24,V252G; P486S,False,-1.9703,853,-0.1553,-0.6034700000000001,-0.21617999999999998
