clade,parent,date,n_new_spike_muts,spike_new_muts,nonspike_new_muts,only_new_muts_are_spike,has_L455F,growth_rate,n_sequences,parent_growth_rate,parent_n_sequences,change_in_growth_rate,evescape
XBB.1,XBB,2022-10-03,1,G252V,,True,False,1.2048,17510,-0.93671,1650,2.1415,-1.6662
XBB.2,XBB,2022-10-15,1,D253G,,True,False,0.2068,1353,-0.93671,1650,1.1435,-1.0137
XBB.4,XBB,2022-10-20,1,K444R,ORF1a:G82D,False,False,-0.43899,245,-0.93671,1650,0.49772,-1.3183
XBB.1.4,XBB.1,2022-11-06,1,T883I,ORF8:G8*,False,False,5.1684,519,1.2048,17510,3.9637,-2.6517
XBB.1.5,XBB.1,2022-11-08,1,S486P,ORF8:G8*,False,False,25.309,156404,1.2048,17510,24.104,0.029900000000000038
XBB.1.16,XBB.1,2023-03-05,3,K478R; S486P; E180V,ORF1a:L3829F; ORF1b:D1746Y; ORF8:G8*; ORF9b:I5T; ORF9b:N55S,False,False,40.14,25010,1.2048,17510,38.935,-0.8874
XBB.1.22,XBB.1,2023-03-19,1,S486P,ORF8:G8*; ORF9b:I5T,False,False,41.142,417,1.2048,17510,39.937,0.029900000000000038
XBB.1.33,XBB.1,2023-04-18,3,A376T; S486P; K964E,ORF1a:T1665I; ORF1a:Q2486P; ORF1b:L1061I; ORF7a:Q76*; ORF8:Q72H; ORF1a:V84-; ORF1a:M85-,False,False,37.203,359,1.2048,17510,35.998,-0.5571000000000002
XBB.1.42,XBB.1,2023-05-31,2,S486P; Q613H,ORF1a:T4175I; ORF8:G8*; ORF9b:I5T,False,False,41.4,447,1.2048,17510,40.196,-3.2009
XBB.1.4.1,XBB.1.4,2022-11-25,1,S673G,,True,False,3.3761,1455,5.1684,519,-1.7923,-2.4109
XBB.1.5.1,XBB.1.5,2023-01-28,1,T573I,,True,False,29.247,3285,25.309,156404,3.9384,-2.0658
XBB.1.5.2,XBB.1.5,2023-01-29,2,K147I; T284I,,True,False,27.317,975,25.309,156404,2.008,-2.646
XBB.1.5.3,XBB.1.5,2023-01-29,1,A411S,,True,False,25.712,330,25.309,156404,0.40348,-2.1669
XBB.1.5.4,XBB.1.5,2023-02-10,1,T883I,,True,False,29.901,2023,25.309,156404,4.5923,-2.6517
XBB.1.5.5,XBB.1.5,2023-02-10,1,K1181I,ORF1a:S2246L,False,False,29.693,1054,25.309,156404,4.3847,-1.9161
XBB.1.5.6,XBB.1.5,2023-02-10,1,V952I,,True,False,23.16,280,25.309,156404,-2.1492,-2.464
XBB.1.5.10,XBB.1.5,2023-02-10,1,F456L,ORF1b:A1643V,False,False,37.889,2176,25.309,156404,12.58,-1.3217
XBB.1.5.12,XBB.1.5,2023-02-19,1,T323I,,True,False,28.775,2303,25.309,156404,3.4665,-1.6707
XBB.1.5.22,XBB.1.5,2023-03-18,1,Q146K,ORF1a:E1498A,False,False,20.179,314,25.309,156404,-5.1299,0.09889999999999999
XBB.1.5.25,XBB.1.5,2023-03-18,1,K97T,,True,False,25.8,661,25.309,156404,0.4916,-0.97163
XBB.1.5.27,XBB.1.5,2023-03-22,1,K478R,ORF1a:E1015G,False,False,32.11,318,25.309,156404,6.8013,-0.11521999999999999
XBB.1.5.28,XBB.1.5,2023-03-22,1,K478R,,True,False,35.073,761,25.309,156404,9.7643,-0.11521999999999999
XBB.1.5.30,XBB.1.5,2023-03-22,1,A348T,,True,False,30.41,808,25.309,156404,5.1011,-1.7546
XBB.1.5.35,XBB.1.5,2023-03-24,1,N978S,,True,False,28.962,1292,25.309,156404,3.6532,-2.9754
XBB.1.5.37,XBB.1.5,2023-03-27,1,K1045R,,True,False,33.532,3551,25.309,156404,8.2236,-2.1278
XBB.1.5.38,XBB.1.5,2023-03-27,1,I666V,ORF1a:T403I,False,False,27.331,520,25.309,156404,2.0225,-2.4459
XBB.1.5.44,XBB.1.5,2023-04-23,2,K356T; T572I,ORF3a:S92L,False,False,39.849,231,25.309,156404,14.54,-3.6879
XBB.1.5.50,XBB.1.5,2023-04-26,1,P621S,N:T49I; ORF1a:A2097V,False,False,29.064,591,25.309,156404,3.7555,-1.7367
XBB.1.5.56,XBB.1.5,2023-05-05,1,A852S,,True,False,27.847,537,25.309,156404,2.538,-2.8727
XBB.1.5.59,XBB.1.5,2023-05-06,1,F456L,ORF1a:S2822P,False,False,39.844,719,25.309,156404,14.536,-1.3217
XBB.1.5.60,XBB.1.5,2023-05-06,1,M177I,ORF1a:T2106I,False,False,27.405,337,25.309,156404,2.0958,-1.2347
XBB.1.5.70,XBB.1.5,2023-05-22,2,L455F; F456L,ORF1a:A4068S; ORF8:P38S,False,True,45.164,499,25.309,156404,19.855,-2.8822
XBB.1.5.71,XBB.1.5,2023-05-25,1,V511I,ORF1a:M85V; ORF1a:G82-; ORF1a:H83-; ORF1a:V84-,False,False,38.386,431,25.309,156404,13.077,-2.5065
XBB.1.5.72,XBB.1.5,2023-05-31,1,F456L,ORF1a:G445S,False,False,45.745,1477,25.309,156404,20.436,-1.3217
XBB.1.5.90,XBB.1.5,2023-07-10,1,P621S,ORF1b:S2312L,False,False,31.053,359,25.309,156404,5.7441,-1.7367
XBB.1.5.91,XBB.1.5,2023-07-10,1,P621S,,True,False,28.664,657,25.309,156404,3.3553,-1.7367
XBB.1.5.94,XBB.1.5,2023-07-14,1,Q613H,,True,False,30.973,386,25.309,156404,5.6642,-3.2308
XBB.1.5.97,XBB.1.5,2023-07-24,1,T941S,,True,False,31.391,409,25.309,156404,6.0824,-2.2672
XBB.1.5.100,XBB.1.5,2023-08-02,1,V1122M,,True,False,31.147,597,25.309,156404,5.8383,-1.7509
XBB.1.5.104,XBB.1.5,2023-09-01,1,K304Q,,True,False,33.298,402,25.309,156404,7.989,-2.4195
EM.1,XBB.1.5.7,2023-02-26,1,R214L,,True,False,24.581,598,24.667,6252,-0.086334,-0.70712
EK.2,XBB.1.5.13,2023-02-26,1,T259I,ORF1a:L3829F,False,False,25.841,403,25.821,6375,0.020144,-1.4843
EK.3,XBB.1.5.13,2023-03-22,1,P251S,,True,False,25.266,231,25.821,6375,-0.55534,-1.628
EL.1,XBB.1.5.14,2023-02-21,1,Q675H,,True,False,27.606,1201,24.504,911,3.1022,-1.0875
FD.2,XBB.1.5.15,2023-03-27,1,Q146K,ORF1a:G519S,False,False,26.365,2569,26.147,4535,0.21796,0.09889999999999999
FD.3,XBB.1.5.15,2023-05-03,1,A348S,,True,False,28.111,223,26.147,4535,1.9646,-1.6366
FG.2,XBB.1.5.16,2023-03-24,1,D178N,,True,False,27.292,296,25.222,2089,2.0707,-0.95741
FG.3,XBB.1.5.16,2023-03-24,1,I934V,,True,False,28.537,208,25.222,2089,3.3149,-2.5196
FH.1,XBB.1.5.17,2023-03-27,1,T883I,,True,False,30.034,343,25.334,3049,4.6999,-2.6517
GF.1,XBB.1.5.24,2023-05-23,1,E748V,,True,False,38.836,1193,28.268,3234,10.569,-2.5581
FT.1,XBB.1.5.39,2023-04-22,1,I197V,ORF1a:S538L,False,False,21.391,385,22.779,1013,-1.388,-1.9191
GB.1,XBB.1.5.46,2023-05-06,1,L518V,ORF8:V62L; ORF9b:I5T,False,False,37.045,731,26.772,1594,10.273,-2.5113
GV.1,XBB.1.5.48,2023-06-20,1,K478R,ORF7b:F19L,False,False,40.3,339,24.754,2044,15.546,-0.11521999999999999
HT.1,XBB.1.5.49,2023-07-26,1,N148T,,True,False,33.094,298,30.792,3154,2.3014,-1.4207
HT.2,XBB.1.5.49,2023-07-26,1,T51I,,True,False,33.023,528,30.792,3154,2.2307,-2.4381
GK.1,XBB.1.5.70,2023-06-06,1,S704L,ORF3a:T89I,False,False,49.444,652,45.164,499,4.2801,-1.998
GK.2,XBB.1.5.70,2023-06-10,1,V511I,,True,False,54.242,472,45.164,499,9.0783,-2.5065
GK.1.1,GK.1,2023-07-13,1,T573I,,True,False,60.481,1205,49.444,652,11.037,-2.0658
GN.1,XBB.1.5.73,2023-06-10,1,F456L,ORF1a:T3356I; ORF3a:G18V,False,False,47.775,513,33.259,1111,14.515,-1.3217
HS.1,XBB.1.5.95,2023-07-26,1,K478R,,True,False,42.281,227,26.595,1376,15.686,-0.11521999999999999
HY.1,XBB.1.5.100,2023-08-02,1,K478R,,True,False,45.232,322,31.147,597,14.085,-0.11521999999999999
XBB.1.9.1,XBB.1.9,2023-01-09,1,S486P,,True,False,33.182,14817,8.7085,986,24.474,0.029900000000000038
XBB.1.9.2,XBB.1.9,2023-02-03,1,S486P,,True,False,33.376,6967,8.7085,986,24.668,0.029900000000000038
FL.1,XBB.1.9.1,2023-04-04,1,A701V,ORF1a:G993S,False,False,35.017,639,33.182,14817,1.8343,-1.4782
FL.7,XBB.1.9.1,2023-05-06,1,T51I,,True,False,37.23,432,33.182,14817,4.0471,-2.4381
FL.14,XBB.1.9.1,2023-05-23,1,V1122M,,True,False,39.424,718,33.182,14817,6.241,-1.7509
FL.15,XBB.1.9.1,2023-05-29,1,F456L,ORF1a:E637K,False,False,46.115,1359,33.182,14817,12.932,-1.3217
FL.16,XBB.1.9.1,2023-05-30,1,D215V,,True,False,42.503,524,33.182,14817,9.3201,-0.94789
FL.20,XBB.1.9.1,2023-06-29,2,Q52H; F456L,ORF1a:I2010V; ORF3a:L108F,False,False,54.641,544,33.182,14817,21.458,-3.4599
FL.24,XBB.1.9.1,2023-07-09,2,Q613H; A688V,ORF1b:I539V; ORF3a:N82S,False,False,47.562,420,33.182,14817,14.379,-4.6545
FL.25,XBB.1.9.1,2023-07-10,1,E554K,,True,False,41.952,336,33.182,14817,8.7692,-0.83852
FL.29,XBB.1.9.1,2023-07-24,1,S490P,ORF1b:I2331V,False,False,35.605,243,33.182,14817,2.4228,-0.24840000000000018
FL.1.5,FL.1,2023-06-06,1,F456L,ORF1b:K2557R,False,False,45.469,498,35.017,639,10.452,-1.3217
FL.1.5.1,FL.1.5,2023-06-06,1,K478R,ORF1b:S2198I,False,False,58.532,4724,45.469,498,13.063,-0.11521999999999999
HN.1,FL.1.5.1,2023-07-24,1,A67S,,True,False,58.839,312,58.532,4724,0.3071,-1.1364
FL.4.2,FL.4,2023-05-23,1,V289I,ORF1a:T951I,False,False,38.851,256,34.437,6392,4.4142,-2.1279
FL.4.8,FL.4,2023-08-31,1,K478R,,True,False,43.367,209,34.437,6392,8.9304,-0.11521999999999999
FL.4.9,FL.4,2023-08-31,1,S254P,ORF3a:D173G,False,False,39.582,211,34.437,6392,5.1455,-1.8546
FL.4.11,FL.4,2023-09-10,1,D1259Y,N:T334I; ORF1a:R1170C,False,False,35.561,285,34.437,6392,1.1248,-2.2782
FL.10.1,FL.10,2023-06-10,1,E554K,,True,False,48.456,1313,31.838,1335,16.618,-0.83852
FL.13.1,FL.13,2023-05-23,1,A411S,ORF1a:P80S; ORF1a:T4249I,False,False,32.828,224,31.448,1253,1.3804,-2.1669
FL.13.2,FL.13,2023-06-28,1,K356T,,True,False,51.915,225,31.448,1253,20.467,-1.0178
EG.1,XBB.1.9.2,2023-02-19,1,Q613H,N:L219F,False,False,35.994,7614,33.376,6967,2.6183,-3.2308
EG.2,XBB.1.9.2,2023-04-04,1,K478R,,True,False,41.738,2159,33.376,6967,8.3618,-0.11521999999999999
EG.7,XBB.1.9.2,2023-06-09,2,R403K; L513F,ORF1a:N2531S; ORF1b:A1662V,False,False,45.916,272,33.376,6967,12.54,-4.018800000000001
EG.1.5,EG.1,2023-06-30,1,S98F,,True,False,39.139,239,35.994,7614,3.1445,-1.7443
HK.1,EG.5.1.1,2023-07-23,1,G257V,,True,False,58.647,217,55.323,15781,3.3239,-1.3784
HK.3,EG.5.1.1,2023-07-23,1,L455F,,True,True,77.369,2149,55.323,15781,22.046,-1.5605
HK.6,EG.5.1.1,2023-08-24,1,D253G,ORF1a:A1923T,False,False,60.487,646,55.323,15781,5.1639,-1.0137
JG.3,EG.5.1.3,2023-09-17,2,L455F; S704L,ORF1a:T2274I,False,True,77.12,215,57.225,4949,19.895,-3.5585
EG.5.1.6,EG.5.1,2023-07-23,1,F157L,ORF1a:S1857L,False,False,59.101,1193,52.548,9915,6.5528,-1.5451
EG.5.1.8,EG.5.1,2023-09-11,1,L455F,,True,True,76.764,207,52.548,9915,24.215,-1.5605
HV.1,EG.5.1.6,2023-08-02,1,L452R,,True,False,69.434,1645,59.101,1193,10.332,-0.57795
EG.5.2.1,EG.5.2,2023-07-25,1,S704L,ORF1a:H1113Y; ORF1a:N2155S; ORF3a:I118V,False,False,47.922,325,42.033,1032,5.8885,-1.998
XBB.1.16.1,XBB.1.16,2023-03-22,1,T547I,,True,False,39.853,8686,40.14,25010,-0.28681,-2.3853
XBB.1.16.4,XBB.1.16,2023-05-05,1,T678I,,True,False,35.786,364,40.14,25010,-4.3538,-1.3406
XBB.1.16.6,XBB.1.16,2023-05-07,1,F456L,,True,False,54.575,4935,40.14,25010,14.434,-1.3217
XBB.1.16.7,XBB.1.16,2023-05-25,1,T732I,ORF1a:Y1090H,False,False,42.283,502,40.14,25010,2.1428,-2.8742
XBB.1.16.8,XBB.1.16,2023-05-26,1,T732I,,True,False,43.519,600,40.14,25010,3.3787,-2.8742
XBB.1.16.9,XBB.1.16,2023-05-30,1,F456L,ORF1a:S2500F,False,False,50.803,652,40.14,25010,10.663,-1.3217
XBB.1.16.11,XBB.1.16,2023-06-14,1,P521T,,True,False,52.576,2717,40.14,25010,12.435,-2.3378
XBB.1.16.12,XBB.1.16,2023-06-30,1,Q52H,,True,False,44.927,380,40.14,25010,4.7871,-2.1382
XBB.1.16.14,XBB.1.16,2023-07-10,1,L452Q,,True,False,49.022,294,40.14,25010,8.882,-1.2693
XBB.1.16.15,XBB.1.16,2023-07-13,2,K147N; P521S,,True,False,56.993,1255,40.14,25010,16.853,-2.9676299999999998
XBB.1.16.23,XBB.1.16,2023-09-01,1,K304Q,,True,False,53.215,249,40.14,25010,13.075,-2.4195
FU.2.1,FU.2,2023-06-20,1,E619Q,ORF1a:T2106N,False,False,48.024,870,44.171,1237,3.8529,-1.67
GY.1,XBB.1.16.2,2023-06-26,1,L84I,ORF1a:A4068S,False,False,45.937,303,39.269,2303,6.6679,-1.5578
JF.1,XBB.1.16.6,2023-08-24,1,L455F,,True,True,68.161,340,54.575,4935,13.587,-1.5605
HF.1,XBB.1.16.13,2023-07-14,1,K304N,,True,False,51.645,2161,39.88,415,11.764,-2.4906
XBB.1.18.1,XBB.1.18,2023-03-18,1,S486P,,True,False,29.124,1264,12.408,327,16.716,0.029900000000000038
FE.1,XBB.1.18.1,2023-03-22,1,F456L,ORF1a:S1133G; ORF3a:F207C,False,False,37.329,342,29.124,1264,8.2053,-1.3217
HE.1,FE.1.1.1,2023-07-14,1,V622I,ORF8:A55V,False,False,37.843,215,38.505,287,-0.66214,-1.7836
XBB.1.22.1,XBB.1.22,2023-03-19,1,Y200C,,True,False,40.95,881,41.142,417,-0.19221,-2.5437
FY.2,XBB.1.22.1,2023-05-04,1,I197T,ORF1b:S997P,False,False,43.35,714,40.95,881,2.4,-1.8308
FY.5,XBB.1.22.1,2023-06-12,1,K478R,,True,False,47.425,708,40.95,881,6.4752,-0.11521999999999999
FY.2.1,FY.2,2023-07-23,1,A684V,ORF1a:T1874I,False,False,43.97,452,43.35,714,0.61973,-1.2469
FY.3.1,FY.3,2023-05-24,1,I210T,ORF1a:D1282Y; ORF1a:T1760I,False,False,47.898,1725,47.331,615,0.56681,-1.5049
XBB.2.2,XBB.2,2022-12-22,1,Q613H,ORF3a:D155Y,False,False,2.5614,298,0.2068,1353,2.3546,-3.2308
XBB.2.3,XBB.2,2023-01-31,2,S486P; P521S,ORF1b:P959S; ORF1a:G2091S; ORF7a:A13V,False,False,38.729,5190,0.2068,1353,38.523,-2.2239
XBB.2.4,XBB.2,2023-02-03,1,S486P,,True,False,23.512,543,0.2068,1353,23.305,0.029900000000000038
XBB.2.5,XBB.2,2023-02-19,1,Q613H,,True,False,9.2605,300,0.2068,1353,9.0537,-3.2308
XBB.2.3.1,XBB.2.3,2023-03-24,1,D80Y,ORF1b:A241T; ORF7a:H47Y,False,False,32.528,330,38.729,5190,-6.2011,-1.1416
XBB.2.3.2,XBB.2.3,2023-03-24,1,G184V,ORF1a:R2159W,False,False,40.615,1983,38.729,5190,1.8859,-1.2706
XBB.2.3.3,XBB.2.3,2023-04-04,1,K182N,,True,False,41.949,1054,38.729,5190,3.2192,-0.88201
XBB.2.3.4,XBB.2.3,2023-04-04,1,K478Q,,True,False,36.567,246,38.729,5190,-2.1627,-0.43717000000000006
XBB.2.3.5,XBB.2.3,2023-04-12,1,K478N,,True,False,40.121,479,38.729,5190,1.3913,-0.55457
XBB.2.3.8,XBB.2.3,2023-05-01,1,K478R,ORF1a:A583V; ORF1a:L3829F,False,False,42.731,1877,38.729,5190,4.0019,-0.11521999999999999
XBB.2.3.11,XBB.2.3,2023-05-07,1,K478R,,True,False,44.757,833,38.729,5190,6.0278,-0.11521999999999999
HH.1.1,HH.1,2023-07-14,1,G181A,,True,False,42.291,225,41.271,2043,1.0194,-1.6099
GJ.4,XBB.2.3.3,2023-08-07,1,M153I,,True,False,44.335,202,41.949,1054,2.3859,-1.3038
GZ.1,XBB.2.3.4,2023-06-28,1,F186L,,True,False,46.204,208,36.567,246,9.637,-1.509
GE.1.3,GE.1,2023-08-24,1,T732I,ORF1b:I1403V,False,False,47.469,237,51.373,1771,-3.9041,-2.8742
GS.1,XBB.2.3.11,2023-06-12,1,E213D,,True,False,44.2,382,44.757,833,-0.55713,-0.03251999999999999
XBB.2.6.2,XBB.2.6,2023-06-01,1,I19L,,True,False,8.4191,264,6.3174,6504,2.1017,-0.13559999999999994
XBB.3.2,XBB.3,2022-12-22,1,M177T,ORF8:S54L,False,False,0.70015,221,-3.0883,879,3.7884,-1.4915
