clade,date,spike_muts_from_dms_clade,has_L455F,growth_rate,n_sequences,EVEscape
XBB,2022-09-17,V252G; P486S,False,-0.93671,1650,-9.541400000000001
XBB.1,2022-10-03,P486S,False,1.2048,17510,-2.9629
XBB.1.1,2022-10-15,P486S,False,-1.5875,1007,-2.9629
XBB.1.4,2022-11-06,P486S; T883I,False,5.1684,519,3.4832000000000005
XBB.1.4.1,2022-11-25,P486S; S673G; T883I,False,3.3761,1455,9.8488
XBB.1.5,2022-11-08,,False,25.309,156404,0
XBB.1.5.1,2023-01-28,T573I,False,29.247,3285,4.2073
XBB.1.5.2,2023-01-29,K147I; T284I,False,27.317,975,13.5408
XBB.1.5.3,2023-01-29,A411S,False,25.712,330,6.8114
XBB.1.5.4,2023-02-10,T883I,False,29.901,2023,6.4461
XBB.1.5.5,2023-02-10,K1181I,False,29.693,1054,7.308699999999999
XBB.1.5.6,2023-02-10,V952I,False,23.16,280,4.1388
XBB.1.5.7,2023-02-10,,False,24.667,6252,0
EM.1,2023-02-26,R214L,False,24.581,598,6.8172
XBB.1.5.8,2023-02-10,,False,21.732,321,0
XBB.1.5.9,2023-02-10,,False,20.916,879,0
XBB.1.5.10,2023-02-10,F456L,False,37.889,2176,4.9661
XBB.1.5.11,2023-02-19,,False,22.3,1470,0
XBB.1.5.12,2023-02-19,T323I,False,28.775,2303,6.3669
XBB.1.5.13,2023-02-19,,False,25.821,6375,0
EK.2,2023-02-26,T259I,False,25.841,403,6.486900000000001
EK.3,2023-03-22,P251S,False,25.266,231,6.8649
XBB.1.5.14,2023-02-21,,False,24.504,911,0
EL.1,2023-02-21,Q675H,False,27.606,1201,4.5812
XBB.1.5.15,2023-02-26,,False,26.147,4535,0
FD.1.1,2023-03-22,F456L,False,36.919,1868,4.9661
FD.2,2023-03-27,Q146K,False,26.365,2569,3.7815
FD.3,2023-05-03,A348S,False,28.111,223,6.5393
FD.4,2023-05-06,,False,28.265,957,0
FD.4.1,2023-07-19,,False,24.003,316,0
XBB.1.5.16,2023-02-26,,False,25.222,2089,0
FG.2,2023-03-24,D178N,False,27.292,296,5.3046
FG.3,2023-03-24,I934V,False,28.537,208,5.9775
XBB.1.5.17,2023-02-26,,False,25.334,3049,0
FH.1,2023-03-27,T883I,False,30.034,343,6.4461
XBB.1.5.18,2023-02-26,,False,26.251,2216,0
XBB.1.5.19,2023-02-26,,False,21.306,1327,0
XBB.1.5.20,2023-02-26,,False,26.045,2767,0
XBB.1.5.21,2023-02-26,,False,25.286,1642,0
XBB.1.5.22,2023-03-18,Q146K,False,20.179,314,3.7815
XBB.1.5.23,2023-03-18,,False,28.059,1016,0
XBB.1.5.24,2023-03-18,,False,28.268,3234,0
GF.1,2023-05-23,E748V,False,38.836,1193,6.4039
XBB.1.5.25,2023-03-18,K97T,False,25.8,661,6.956
XBB.1.5.26,2023-03-19,,False,27.669,241,0
EU.1.1,2023-03-19,I410V; P521S,False,35.027,1825,9.821200000000001
EU.1.1.1,2023-04-26,I410V; P521S,False,34.923,597,9.821200000000001
XBB.1.5.27,2023-03-22,K478R,False,32.11,318,6.6124
XBB.1.5.28,2023-03-22,K478R,False,35.073,761,6.6124
XBB.1.5.30,2023-03-22,A348T,False,30.41,808,6.776799999999999
XBB.1.5.31,2023-03-24,,False,24.482,2080,0
XBB.1.5.32,2023-03-24,,False,25.455,2642,0
XBB.1.5.33,2023-03-24,,False,23.464,2007,0
XBB.1.5.34,2023-03-24,,False,22.429,638,0
XBB.1.5.35,2023-03-24,N978S,False,28.962,1292,5.8828
XBB.1.5.36,2023-03-24,,False,25.257,582,0
XBB.1.5.37,2023-03-27,K1045R,False,33.532,3551,4.2394
XBB.1.5.38,2023-03-27,I666V,False,27.331,520,3.8676
XBB.1.5.39,2023-03-27,,False,22.779,1013,0
FT.1,2023-04-22,I197V,False,21.391,385,3.5337
GU.1,2023-06-20,N481S; P521T; V772I,False,32.674,304,14.5737
GR.1,2023-06-12,E281D; P445S,False,35.659,905,7.416500000000001
XBB.1.5.43,2023-04-24,,False,28.064,346,0
XBB.1.5.44,2023-04-23,K356T; T572I,False,39.849,231,11.022200000000002
XBB.1.5.46,2023-04-23,,False,26.772,1594,0
GB.1,2023-05-06,L518V,False,37.045,731,6.6412
XBB.1.5.47,2023-04-25,,False,27.923,702,0
XBB.1.5.48,2023-04-25,,False,24.754,2044,0
GV.1,2023-06-20,K478R,False,40.3,339,6.6124
XBB.1.5.49,2023-04-25,,False,30.792,3154,0
HT.1,2023-07-26,N148T,False,33.094,298,5.2543
HT.2,2023-07-26,T51I,False,33.023,528,5.6446
XBB.1.5.50,2023-04-26,P621S,False,29.064,591,5.0418666666666665
XBB.1.5.51,2023-04-26,,False,26.817,1553,0
XBB.1.5.52,2023-04-26,,False,26.281,1599,0
XBB.1.5.55,2023-05-03,,False,25.026,435,0
XBB.1.5.56,2023-05-05,A852S,False,27.847,537,6.5548
XBB.1.5.57,2023-05-05,,False,27.664,511,0
XBB.1.5.59,2023-05-06,F456L,False,39.844,719,4.9661
XBB.1.5.60,2023-05-06,M177I,False,27.405,337,5.0834
XBB.1.5.61,2023-05-06,,False,25.848,642,0
XBB.1.5.62,2023-05-06,,False,26.914,973,0
XBB.1.5.63,2023-05-06,,False,26.172,1373,0
XBB.1.5.64,2023-05-06,,False,26.351,289,0
XBB.1.5.65,2023-05-06,,False,28.455,1461,0
XBB.1.5.66,2023-05-06,,False,27.167,1186,0
XBB.1.5.67,2023-05-06,,False,24.778,1596,0
HZ.1,2023-08-04,K478R; P521T,False,45.544,472,12.4496
HZ.2,2023-08-04,P521T,False,39.009,293,5.8372
HZ.3,2023-08-04,P521T,False,32.764,209,5.8372
XBB.1.5.69,2023-05-07,,False,29.011,577,0
XBB.1.5.70,2023-05-22,L455F; F456L,True,45.164,499,11.0558
GK.1,2023-06-06,L455F; F456L; S704L,True,49.444,652,17.7265
GK.1.1,2023-07-13,L455F; F456L; T573I; S704L,True,60.481,1205,21.933799999999998
GK.2,2023-06-10,L455F; F456L; V511I,True,54.242,472,17.4944
GK.2.1,2023-08-24,L455F; F456L; V511I,True,56.158,554,17.4944
XBB.1.5.71,2023-05-25,V511I,False,38.386,431,6.4386
XBB.1.5.72,2023-05-31,F456L,False,45.745,1477,4.9661
XBB.1.5.73,2023-06-01,,False,33.259,1111,0
GN.1,2023-06-10,F456L,False,47.775,513,4.9661
XBB.1.5.75,2023-06-01,,False,28.662,504,0
XBB.1.5.76,2023-06-01,,False,30.54,1077,0
XBB.1.5.77,2023-06-01,,False,30.242,1972,0
XBB.1.5.78,2023-06-01,,False,28.903,492,0
XBB.1.5.79,2023-06-01,,False,23.576,398,0
XBB.1.5.80,2023-06-01,,False,27.648,550,0
XBB.1.5.86,2023-06-10,,False,30.183,794,0
XBB.1.5.88,2023-06-28,,False,27.974,231,0
XBB.1.5.90,2023-07-10,P621S,False,31.053,359,5.0418666666666665
XBB.1.5.91,2023-07-10,P621S,False,28.664,657,5.0418666666666665
XBB.1.5.92,2023-07-11,,False,30.617,281,0
XBB.1.5.94,2023-07-14,Q613H,False,30.973,386,6.0668
XBB.1.5.95,2023-07-19,,False,26.595,1376,0
HS.1,2023-07-26,K478R,False,42.281,227,6.6124
XBB.1.5.96,2023-07-19,,False,26.267,658,0
XBB.1.5.97,2023-07-24,T941S,False,31.391,409,6.8994
XBB.1.5.99,2023-07-25,,False,24.805,439,0
XBB.1.5.100,2023-08-02,V1122M,False,31.147,597,5.6463
HY.1,2023-08-02,K478R; V1122M,False,45.232,322,12.258700000000001
XBB.1.5.102,2023-08-22,,False,23.78,1239,0
JD.1.1,2023-08-25,L455F; F456L; A475V,True,67.525,388,16.6531
XBB.1.5.104,2023-09-01,K304Q,False,33.298,402,5.9543
XBB.1.9,2023-01-09,P486S,False,8.7085,986,-2.9629
XBB.1.9.1,2023-01-09,,False,33.182,14817,0
FL.1,2023-04-04,A701V,False,35.017,639,6.0551
FL.1.2,2023-05-07,A701V,False,34.35,251,6.0551
FL.1.3,2023-05-07,A701V,False,36.584,563,6.0551
FL.1.5,2023-06-06,F456L; A701V,False,45.469,498,11.0212
FL.1.5.1,2023-06-06,F456L; K478R; A701V,False,58.532,4724,17.6336
HN.1,2023-07-24,A67S; F456L; K478R; A701V,False,58.839,312,21.9663
FL.2,2023-04-04,,False,33.472,3640,0
FL.2.1,2023-04-22,,False,32.943,642,0
FL.2.3,2023-06-12,,False,40.812,1893,0
FL.2.4,2023-07-10,,False,38.736,458,0
FL.3,2023-04-22,,False,31.133,2035,0
FL.3.1,2023-05-07,,False,32.431,1161,0
FL.3.2,2023-05-07,,False,32.008,802,0
FL.3.3,2023-05-07,,False,29.709,312,0
FL.4,2023-04-22,,False,34.437,6392,0
FL.4.2,2023-05-23,V289I,False,38.851,256,4.1516
FL.4.5,2023-06-30,,False,35.419,860,0
FL.4.6,2023-06-30,,False,36.473,717,0
FL.4.8,2023-08-31,K478R,False,43.367,209,6.6124
FL.4.9,2023-08-31,S254P,False,39.582,211,6.1703
FL.4.11,2023-09-10,D1259Y,False,35.561,285,6.4742
FL.5,2023-04-22,,False,32.477,2849,0
FL.7,2023-05-06,T51I,False,37.23,432,5.6446
FL.8,2023-05-07,,False,30.9,1043,0
FL.9,2023-05-07,,False,33.73,269,0
FL.10,2023-05-07,,False,31.838,1335,0
FL.10.1,2023-06-10,E554K,False,48.456,1313,5.8538
FL.11,2023-05-07,,False,34.063,360,0
FL.12,2023-05-08,,False,30.97,986,0
FL.13,2023-05-23,,False,31.448,1253,0
FL.13.1,2023-05-23,A411S,False,32.828,224,6.8114
FL.13.2,2023-06-28,K356T,False,51.915,225,5.1222
FL.13.3,2023-07-23,,False,33.083,398,0
FL.14,2023-05-23,V1122M,False,39.424,718,5.6463
FL.15,2023-05-29,F456L,False,46.115,1359,4.9661
FL.16,2023-05-30,D215V,False,42.503,524,7.0261
FL.17,2023-06-14,,False,27.072,283,0
FL.18,2023-06-28,,False,35.848,1025,0
FL.19,2023-06-28,,False,34.781,527,0
FL.20,2023-06-29,Q52H; F456L,False,54.641,544,11.2958
FL.22,2023-06-30,,False,35.543,426,0
FL.24,2023-07-09,Q613H; A688V,False,47.562,420,11.8983
FL.25,2023-07-10,E554K,False,41.952,336,5.8538
FL.26,2023-07-10,,False,31.518,216,0
FL.27,2023-07-19,,False,29.945,722,0
FL.29,2023-07-24,S490P,False,35.605,243,4.7758
XBB.1.9.2,2023-02-03,,False,33.376,6967,0
EG.1,2023-02-19,Q613H,False,35.994,7614,6.0668
EG.1.2,2023-04-22,Q613H,False,31.461,1198,6.0668
EG.1.3,2023-04-22,Q613H,False,33.768,1172,6.0668
EG.1.4,2023-04-22,Q613H,False,33.55,1091,6.0668
EG.1.5,2023-06-30,S98F; Q613H,False,39.139,239,13.306000000000001
EG.1.6,2023-07-14,Q613H,False,36.016,2061,6.0668
EG.2,2023-04-04,K478R,False,41.738,2159,6.6124
EG.4,2023-04-22,,False,32.453,1268,0
EG.5.1,2023-05-07,Q52H; F456L,False,52.548,9915,11.2958
EG.5.1.1,2023-06-20,Q52H; F456L,False,55.323,15781,11.2958
HK.1,2023-07-23,Q52H; G257V; F456L,False,58.647,217,16.8139
HK.3,2023-07-23,Q52H; L455F; F456L,True,77.369,2149,17.3855
HK.6,2023-08-24,Q52H; D253G; F456L,False,60.487,646,18.2995
EG.5.1.2,2023-07-23,Q52H; F456L,False,47.212,391,11.2958
EG.5.1.3,2023-07-23,Q52H; F456L,False,57.225,4949,11.2958
JG.3,2023-09-17,Q52H; L455F; F456L; S704L,True,77.12,215,24.0562
EG.5.1.4,2023-07-23,Q52H; F456L,False,55.938,2304,11.2958
EG.5.1.5,2023-07-23,Q52H; F456L,False,51.027,320,11.2958
EG.5.1.6,2023-07-23,Q52H; F157L; F456L,False,59.101,1193,17.8396
HV.1,2023-08-02,Q52H; F157L; L452R; F456L,False,69.434,1645,23.217200000000002
EG.5.1.8,2023-09-11,Q52H; L455F; F456L,True,76.764,207,17.3855
EG.5.2,2023-05-24,F456L,False,42.033,1032,4.9661
EG.5.2.1,2023-07-25,F456L; S704L,False,47.922,325,11.636800000000001
EG.6.1,2023-05-30,F456L,False,48.659,2337,4.9661
EG.7,2023-06-09,R403K; L513F,False,45.916,272,10.840399999999999
EG.10.1,2023-07-24,A344T; R403K; S494P; A701V,False,58.545,473,22.4436
EG.13,2023-08-31,,False,31.266,923,0
EG.14,2023-09-10,,False,36.116,536,0
GD.1,2023-05-07,Y453F; P486S,False,41.002,354,4.0634
XBB.1.9.5,2023-03-19,P486S,False,15.211,273,-2.9629
XBB.1.11.1,2023-01-31,,False,27.838,269,0
FP.4,2023-05-30,,False,30.429,379,0
XBB.1.15,2023-02-19,P486S,False,7.0877,4015,-2.9629
XBB.1.16,2023-03-05,E180V; K478R,False,40.14,25010,13.474300000000001
XBB.1.16.1,2023-03-22,E180V; K478R; T547I,False,39.853,8686,19.3028
FU.1,2023-04-22,E180V; K478R; T547I,False,41.991,5179,19.3028
FU.2,2023-04-22,E180V; K478R; T547I,False,44.171,1237,19.3028
FU.2.1,2023-06-20,E180V; K478R; T547I; E619Q,False,48.024,870,25.504600000000003
FU.3,2023-06-28,E180V; K478R; T547I,False,35.256,256,19.3028
XBB.1.16.2,2023-04-22,E180V; K478R,False,39.269,2303,13.474300000000001
GY.1,2023-06-26,L84I; E180V; K478R,False,45.937,303,18.224800000000002
GY.5,2023-07-19,E180V; K478R,False,41.902,947,13.474300000000001
GY.6,2023-07-19,E180V; K478R,False,41.353,406,13.474300000000001
GY.7,2023-07-19,E180V; K478R,False,43.537,211,13.474300000000001
XBB.1.16.3,2023-04-22,E180V; K478R,False,37.846,575,13.474300000000001
XBB.1.16.4,2023-05-05,E180V; K478R; T678I,False,35.786,364,20.2763
XBB.1.16.5,2023-05-06,E180V; K478R,False,40.72,445,13.474300000000001
XBB.1.16.6,2023-05-07,E180V; F456L; K478R,False,54.575,4935,18.4404
JF.1,2023-08-24,E180V; L455F; F456L; K478R,True,68.161,340,24.5301
XBB.1.16.7,2023-05-25,E180V; K478R; T732I,False,42.283,502,19.052300000000002
XBB.1.16.8,2023-05-26,E180V; K478R; T732I,False,43.519,600,19.052300000000002
XBB.1.16.9,2023-05-30,E180V; F456L; K478R,False,50.803,652,18.4404
XBB.1.16.10,2023-06-12,E180V; K478R,False,38.856,503,13.474300000000001
XBB.1.16.11,2023-06-14,E180V; K478R; P521T,False,52.576,2717,19.311500000000002
XBB.1.16.12,2023-06-30,Q52H; E180V; K478R,False,44.927,380,19.804000000000002
XBB.1.16.13,2023-06-30,E180V; K478R,False,39.88,415,13.474300000000001
HF.1,2023-07-14,E180V; K304N; K478R,False,51.645,2161,19.6965
XBB.1.16.14,2023-07-10,E180V; L452Q; K478R,False,49.022,294,20.020200000000003
XBB.1.16.15,2023-07-13,K147N; E180V; K478R; P521S,False,56.993,1255,24.1677
XBB.1.16.18,2023-07-25,E180V; K478R,False,40.265,684,13.474300000000001
XBB.1.16.19,2023-07-25,E180V; K478R,False,42.141,881,13.474300000000001
XBB.1.16.20,2023-07-25,E180V; K478R,False,40.596,303,13.474300000000001
XBB.1.16.21,2023-07-25,E180V; K478R,False,43.186,582,13.474300000000001
XBB.1.16.22,2023-07-25,E180V; K478R,False,37.028,369,13.474300000000001
XBB.1.16.23,2023-09-01,E180V; K304Q; K478R,False,53.215,249,19.428600000000003
XBB.1.17.1,2023-03-18,D215H,False,31.172,1063,7.098499999999999
GA.2,2023-05-06,D215H,False,29.241,229,7.098499999999999
XBB.1.18,2023-03-18,P486S,False,12.408,327,-2.9629
XBB.1.18.1,2023-03-18,,False,29.124,1264,0
FE.1,2023-03-22,F456L,False,37.329,342,4.9661
FE.1.1,2023-05-05,F456L,False,41.046,1266,4.9661
FE.1.1.1,2023-06-09,F456L,False,38.505,287,4.9661
HE.1,2023-07-14,F456L; V622I,False,37.843,215,11.151200000000001
FE.1.2,2023-05-05,F456L,False,39.714,1512,4.9661
XBB.1.19.1,2023-03-19,E554K,False,31.405,519,5.8538
GW.1,2023-06-26,E554K,False,37.718,270,5.8538
XBB.1.22,2023-03-19,,False,41.142,417,0
XBB.1.22.1,2023-03-19,Y200C,False,40.95,881,5.8588
FY.1.2,2023-06-12,Y200C; T572I,False,45.855,420,11.7588
FY.2,2023-05-04,I197T; Y200C,False,43.35,714,11.6589
FY.2.1,2023-07-23,I197T; Y200C; A684V,False,43.97,452,18.7704
FY.3,2023-05-04,Y200C,False,47.331,615,5.8588
FY.3.1,2023-05-24,Y200C; I210T,False,47.898,1725,12.1329
FY.3.2,2023-08-31,Y200C,False,47.043,731,5.8588
FY.3.3,2023-08-31,Y200C,False,48.46,478,5.8588
FY.5,2023-06-12,Y200C; K478R,False,47.425,708,12.4712
FY.6,2023-06-30,Y200C,False,38.855,313,5.8588
XBB.1.22.2,2023-03-19,,False,34.507,596,0
XBB.1.24.1,2023-05-07,L518Q,False,36.193,227,7.099900000000001
XBB.1.33,2023-04-18,A376T; K964E,False,37.203,359,2.0661999999999994
XBB.1.37.1,2023-05-06,,False,31.762,304,0
XBB.1.41.1,2023-06-09,L335S; R403K; K478R,False,52.013,353,17.3641
XBB.1.42,2023-05-31,Q613H,False,41.4,447,6.0668
XBB.1.42.2,2023-07-23,Q613H,False,46.435,1542,6.0668
XBB.2,2022-10-15,V252G; D253G; P486S,False,0.2068,1353,-2.5377000000000014
XBB.2.2,2022-12-22,V252G; D253G; P486S; Q613H,False,2.5614,298,3.5290999999999983
XBB.2.3,2023-01-31,V252G; D253G; P521S,False,38.729,5190,6.042899999999999
XBB.2.3.1,2023-03-24,D80Y; V252G; D253G; P521S,False,32.528,330,13.3325
XBB.2.3.2,2023-03-24,G184V; V252G; D253G; P521S,False,40.615,1983,11.5261
HH.1,2023-07-14,G184V; V252G; D253G; P521S,False,41.271,2043,11.5261
HH.1.1,2023-07-14,G181A; G184V; V252G; D253G; P521S,False,42.291,225,17.9419
HH.2,2023-07-14,G184V; V252G; D253G; P521S,False,44.365,437,11.5261
XBB.2.3.3,2023-04-04,K182N; V252G; D253G; P521S,False,41.949,1054,11.310599999999997
GJ.1.1,2023-06-09,K182N; A222V; V252G; D253G; P521S,False,43.766,413,15.257399999999997
GJ.1.2,2023-06-26,K182N; V252G; D253G; P521S,False,48.171,3309,11.310599999999997
GJ.3,2023-07-14,K182N; V252G; D253G; P521S,False,40.279,321,11.310599999999997
GJ.4,2023-08-07,M153I; K182N; V252G; D253G; P521S,False,44.335,202,17.967799999999997
XBB.2.3.4,2023-04-04,V252G; D253G; K478Q; P521S,False,36.567,246,11.421999999999999
GZ.1,2023-06-28,F186L; V252G; D253G; K478Q; P521S,False,46.204,208,17.5401
XBB.2.3.5,2023-04-12,V252G; D253G; K478N; P521S,False,40.121,479,12.905
XBB.2.3.6,2023-04-19,V252G; D253G; P521S,False,35.445,481,6.042899999999999
XBB.2.3.7,2023-04-19,V252G; D253G; P521S,False,34.858,296,6.042899999999999
XBB.2.3.8,2023-05-01,V252G; D253G; K478R; P521S,False,42.731,1877,12.655299999999999
XBB.2.3.11,2023-05-07,V252G; D253G; K478R; P521S,False,44.757,833,12.655299999999999
GS.1,2023-06-12,E213D; V252G; D253G; K478R; P521S,False,44.2,382,15.9618
GS.4.1,2023-08-24,N185D; V252G; D253G; K478R; P521S,False,62.301,1060,19.5703
XBB.2.3.14,2023-07-14,V252G; D253G; P521S,False,35.77,222,6.042899999999999
XBB.2.4,2023-02-03,V252G; D253G,False,23.512,543,0.42519999999999847
XBB.2.5,2023-02-19,V252G; D253G; P486S; Q613H,False,9.2605,300,3.5290999999999983
XBB.2.6,2023-02-26,V252G; D253G; P486S,False,6.3174,6504,-2.5377000000000014
GH.1,2023-06-01,V252G; D253G; P486S; P521S,False,27.913,293,3.0799999999999987
XBB.2.6.2,2023-06-01,I19L; V252G; D253G; P486S,False,8.4191,264,2.9731666666666663
XBB.2.8,2023-03-24,V252G; D253G; P486S,False,-0.91094,613,-2.5377000000000014
XBB.2.11.1,2023-06-11,V252G; D253G; P486S,False,7.3992,618,-2.5377000000000014
XBB.3,2022-10-15,V252G; P486S,False,-3.0883,879,-9.541400000000001
XBB.3.2,2022-12-22,M177T; V252G; P486S,False,0.70015,221,-3.055733333333334
XBB.4,2022-10-20,V252G; K444R; P486S,False,-0.43899,245,-3.180100000000001
XBB.6.1,2023-01-09,V252G,False,15.834,293,-6.578500000000001
XBB.8,2023-02-26,V252G; P486S,False,-4.7505,218,-9.541400000000001
XBB.9,2023-04-24,V252G; P486S,False,-1.9703,853,-9.541400000000001
