clade,date,spike_muts_from_dms_clade,has_L455F,growth_rate,n_sequences,fitness_evol_indices,dissimilarity_charge_hydrophobicity,accesibility_wcn
XBB,2022-09-17,V252G; P486S,False,-0.93671,1650,-10.070099999999998,3.2736,-2.0076899999999998
XBB.1,2022-10-03,P486S,False,1.2048,17510,3.3159000000000005,1.8118,-0.8258899999999999
XBB.1.1,2022-10-15,P486S,False,-1.5875,1007,3.3159000000000005,1.8118,-0.8258899999999999
XBB.1.4,2022-11-06,P486S; T883I,False,5.1684,519,21.0089,1.32644,1.1984100000000004
XBB.1.4.1,2022-11-25,P486S; S673G; T883I,False,3.3761,1455,36.68090000000001,-0.061659999999999826,3.0144100000000003
XBB.1.5,2022-11-08,,False,25.309,156404,0,0,0
XBB.1.5.1,2023-01-28,T573I,False,29.247,3285,5.7195,-0.48536,2.113
XBB.1.5.2,2023-01-29,K147I; T284I,False,27.317,975,26.417,2.51624,2.44547
XBB.1.5.3,2023-01-29,A411S,False,25.712,330,17.05,-1.2223,1.5955
XBB.1.5.4,2023-02-10,T883I,False,29.901,2023,17.693,-0.48536,2.0243
XBB.1.5.5,2023-02-10,K1181I,False,29.693,1054,18.068,3.0016,1.737
XBB.1.5.6,2023-02-10,V952I,False,23.16,280,7.0276,-1.8118,2.186
XBB.1.5.7,2023-02-10,,False,24.667,6252,0,0,0
EM.1,2023-02-26,R214L,False,24.581,598,10.731,3.9228,1.0834
XBB.1.5.8,2023-02-10,,False,21.732,321,0,0,0
XBB.1.5.9,2023-02-10,,False,20.916,879,0,0,0
XBB.1.5.10,2023-02-10,F456L,False,37.889,2176,5.7838,-2.0145,1.158
XBB.1.5.11,2023-02-19,,False,22.3,1470,0,0,0
XBB.1.5.12,2023-02-19,T323I,False,28.775,2303,12.582,-0.48536,1.5361
XBB.1.5.13,2023-02-19,,False,25.821,6375,0,0,0
EK.2,2023-02-26,T259I,False,25.841,403,12.074,-0.48536,1.2524
EK.3,2023-03-22,P251S,False,25.266,231,15.292,-1.8118,1.0158
XBB.1.5.14,2023-02-21,,False,24.504,911,0,0,0
EL.1,2023-02-21,Q675H,False,27.606,1201,3.3119,0.16444,1.4540999999999995
XBB.1.5.15,2023-02-26,,False,26.147,4535,0,0,0
FD.1.1,2023-03-22,F456L,False,36.919,1868,5.7838,-2.0145,1.158
FD.2,2023-03-27,Q146K,False,26.365,2569,-1.514,0.3855199999999999,0.75286
FD.3,2023-05-03,A348S,False,28.111,223,13.791000000000002,-1.2223,1.4165
FD.4,2023-05-06,,False,28.265,957,0,0,0
FD.4.1,2023-07-19,,False,24.003,316,0,0,0
XBB.1.5.16,2023-02-26,,False,25.222,2089,0,0,0
FG.2,2023-03-24,D178N,False,27.292,296,5.7621,-0.22245,1.0947
FG.3,2023-03-24,I934V,False,28.537,208,14.932,-1.8118,1.9648
XBB.1.5.17,2023-02-26,,False,25.334,3049,0,0,0
FH.1,2023-03-27,T883I,False,30.034,343,17.693,-0.48536,2.0243
XBB.1.5.18,2023-02-26,,False,26.251,2216,0,0,0
XBB.1.5.19,2023-02-26,,False,21.306,1327,0,0,0
XBB.1.5.20,2023-02-26,,False,26.045,2767,0,0,0
XBB.1.5.21,2023-02-26,,False,25.286,1642,0,0,0
XBB.1.5.22,2023-03-18,Q146K,False,20.179,314,-1.514,0.3855199999999999,0.75286
XBB.1.5.23,2023-03-18,,False,28.059,1016,0,0,0
XBB.1.5.24,2023-03-18,,False,28.268,3234,0,0,0
GF.1,2023-05-23,E748V,False,38.836,1193,16.393,1.7673,2.1486
XBB.1.5.25,2023-03-18,K97T,False,25.8,661,12.482,1.3251,0.90963
XBB.1.5.26,2023-03-19,,False,27.669,241,0,0,0
EU.1.1,2023-03-19,I410V; P521S,False,35.027,1825,15.507,-3.6236,3.496
EU.1.1.1,2023-04-26,I410V; P521S,False,34.923,597,15.507,-3.6236,3.496
XBB.1.5.27,2023-03-22,K478R,False,32.11,318,12.184,-0.8722499999999999,0.8069099999999999
XBB.1.5.28,2023-03-22,K478R,False,35.073,761,12.184,-0.8722499999999999,0.8069099999999999
XBB.1.5.30,2023-03-22,A348T,False,30.41,808,15.651000000000002,-1.3697,1.4165
XBB.1.5.31,2023-03-24,,False,24.482,2080,0,0,0
XBB.1.5.32,2023-03-24,,False,25.455,2642,0,0,0
XBB.1.5.33,2023-03-24,,False,23.464,2007,0,0,0
XBB.1.5.34,2023-03-24,,False,22.429,638,0,0,0
XBB.1.5.35,2023-03-24,N978S,False,28.962,1292,17.629,-1.4618,2.2493
XBB.1.5.36,2023-03-24,,False,25.257,582,0,0,0
XBB.1.5.37,2023-03-27,K1045R,False,33.532,3551,6.0939000000000005,-0.8722499999999999,2.1061
XBB.1.5.38,2023-03-27,I666V,False,27.331,520,5.959599999999999,-1.8118,2.2043
XBB.1.5.39,2023-03-27,,False,22.779,1013,0,0,0
FT.1,2023-04-22,I197V,False,21.391,385,2.4127,-1.8118,1.9039
GU.1,2023-06-20,N481S; P521T; V772I,False,32.674,304,23.7759,-5.2328,4.8450299999999995
GR.1,2023-06-12,E281D; P445S,False,35.659,905,2.12993333333333,-3.7895000000000003,2.38352
XBB.1.5.43,2023-04-24,,False,28.064,346,0,0,0
XBB.1.5.44,2023-04-23,K356T; T572I,False,39.849,231,20.5647,0.8397399999999999,3.7171000000000003
XBB.1.5.46,2023-04-23,,False,26.772,1594,0,0,0
GB.1,2023-05-06,L518V,False,37.045,731,18.057,-2.1435,1.6874
XBB.1.5.47,2023-04-25,,False,27.923,702,0,0,0
XBB.1.5.48,2023-04-25,,False,24.754,2044,0,0,0
GV.1,2023-06-20,K478R,False,40.3,339,12.184,-0.8722499999999999,0.8069099999999999
XBB.1.5.49,2023-04-25,,False,30.792,3154,0,0,0
HT.1,2023-07-26,N148T,False,33.094,298,5.9200333333333335,-1.3144,0.78492
HT.2,2023-07-26,T51I,False,33.023,528,12.906,-0.48536,2.1234
XBB.1.5.50,2023-04-26,P621S,False,29.064,591,7.638366666666666,-1.8118,1.6537999999999995
XBB.1.5.51,2023-04-26,,False,26.817,1553,0,0,0
XBB.1.5.52,2023-04-26,,False,26.281,1599,0,0,0
XBB.1.5.55,2023-05-03,,False,25.026,435,0,0,0
XBB.1.5.56,2023-05-05,A852S,False,27.847,537,18.341,-1.2223,1.9099
XBB.1.5.57,2023-05-05,,False,27.664,511,0,0,0
XBB.1.5.59,2023-05-06,F456L,False,39.844,719,5.7838,-2.0145,1.158
XBB.1.5.60,2023-05-06,M177I,False,27.405,337,5.977799999999999,-1.296,1.2729
XBB.1.5.61,2023-05-06,,False,25.848,642,0,0,0
XBB.1.5.62,2023-05-06,,False,26.914,973,0,0,0
XBB.1.5.63,2023-05-06,,False,26.172,1373,0,0,0
XBB.1.5.64,2023-05-06,,False,26.351,289,0,0,0
XBB.1.5.65,2023-05-06,,False,28.455,1461,0,0,0
XBB.1.5.66,2023-05-06,,False,27.167,1186,0,0,0
XBB.1.5.67,2023-05-06,,False,24.778,1596,0,0,0
HZ.1,2023-08-04,K478R; P521T,False,45.544,472,25.092,-2.83145,2.6318099999999998
HZ.2,2023-08-04,P521T,False,39.009,293,12.908,-1.9592,1.8249
HZ.3,2023-08-04,P521T,False,32.764,209,12.908,-1.9592,1.8249
XBB.1.5.69,2023-05-07,,False,29.011,577,0,0,0
XBB.1.5.70,2023-05-22,L455F; F456L,True,45.164,499,17.0228,-4.029,2.3581
GK.1,2023-06-06,L455F; F456L; S704L,True,49.444,652,31.873800000000003,-4.73544,3.9096
GK.1.1,2023-07-13,L455F; F456L; T573I; S704L,True,60.481,1205,37.5933,-5.2208,6.0226
GK.2,2023-06-10,L455F; F456L; V511I,True,54.242,472,33.2358,-5.8408,4.1065
GK.2.1,2023-08-24,L455F; F456L; V511I,True,56.158,554,33.2358,-5.8408,4.1065
XBB.1.5.71,2023-05-25,V511I,False,38.386,431,16.213,-1.8118,1.7484
XBB.1.5.72,2023-05-31,F456L,False,45.745,1477,5.7838,-2.0145,1.158
XBB.1.5.73,2023-06-01,,False,33.259,1111,0,0,0
GN.1,2023-06-10,F456L,False,47.775,513,5.7838,-2.0145,1.158
XBB.1.5.75,2023-06-01,,False,28.662,504,0,0,0
XBB.1.5.76,2023-06-01,,False,30.54,1077,0,0,0
XBB.1.5.77,2023-06-01,,False,30.242,1972,0,0,0
XBB.1.5.78,2023-06-01,,False,28.903,492,0,0,0
XBB.1.5.79,2023-06-01,,False,23.576,398,0,0,0
XBB.1.5.80,2023-06-01,,False,27.648,550,0,0,0
XBB.1.5.86,2023-06-10,,False,30.183,794,0,0,0
XBB.1.5.88,2023-06-28,,False,27.974,231,0,0,0
XBB.1.5.90,2023-07-10,P621S,False,31.053,359,7.638366666666666,-1.8118,1.6537999999999995
XBB.1.5.91,2023-07-10,P621S,False,28.664,657,7.638366666666666,-1.8118,1.6537999999999995
XBB.1.5.92,2023-07-11,,False,30.617,281,0,0,0
XBB.1.5.94,2023-07-14,Q613H,False,30.973,386,17.082,0.16444,2.2645
XBB.1.5.95,2023-07-19,,False,26.595,1376,0,0,0
HS.1,2023-07-26,K478R,False,42.281,227,12.184,-0.8722499999999999,0.8069099999999999
XBB.1.5.96,2023-07-19,,False,26.267,658,0,0,0
XBB.1.5.97,2023-07-24,T941S,False,31.391,409,18.672,-2.0145,1.5089999999999997
XBB.1.5.99,2023-07-25,,False,24.805,439,0,0,0
XBB.1.5.100,2023-08-02,V1122M,False,31.147,597,9.6807,-1.646,1.5062
HY.1,2023-08-02,K478R; V1122M,False,45.232,322,21.8647,-2.5182499999999997,2.31311
XBB.1.5.102,2023-08-22,,False,23.78,1239,0,0,0
JD.1.1,2023-08-25,L455F; F456L; A475V,True,67.525,388,25.0831,-5.6566,3.3879
XBB.1.5.104,2023-09-01,K304Q,False,33.298,402,14.001,0.3855199999999999,2.1217
XBB.1.9,2023-01-09,P486S,False,8.7085,986,3.3159000000000005,1.8118,-0.8258899999999999
XBB.1.9.1,2023-01-09,,False,33.182,14817,0,0,0
FL.1,2023-04-04,A701V,False,35.017,639,11.97,-1.6276,1.5421000000000002
FL.1.2,2023-05-07,A701V,False,34.35,251,11.97,-1.6276,1.5421000000000002
FL.1.3,2023-05-07,A701V,False,36.584,563,11.97,-1.6276,1.5421000000000002
FL.1.5,2023-06-06,F456L; A701V,False,45.469,498,17.753800000000002,-3.6421,2.7001
FL.1.5.1,2023-06-06,F456L; K478R; A701V,False,58.532,4724,29.937800000000003,-4.514349999999999,3.50701
HN.1,2023-07-24,A67S; F456L; K478R; A701V,False,58.839,312,32.3285,-5.73665,4.6525099999999995
FL.2,2023-04-04,,False,33.472,3640,0,0,0
FL.2.1,2023-04-22,,False,32.943,642,0,0,0
FL.2.3,2023-06-12,,False,40.812,1893,0,0,0
FL.2.4,2023-07-10,,False,38.736,458,0,0,0
FL.3,2023-04-22,,False,31.133,2035,0,0,0
FL.3.1,2023-05-07,,False,32.431,1161,0,0,0
FL.3.2,2023-05-07,,False,32.008,802,0,0,0
FL.3.3,2023-05-07,,False,29.709,312,0,0,0
FL.4,2023-04-22,,False,34.437,6392,0,0,0
FL.4.2,2023-05-23,V289I,False,38.851,256,5.834,-1.8118,2.0203
FL.4.5,2023-06-30,,False,35.419,860,0,0,0
FL.4.6,2023-06-30,,False,36.473,717,0,0,0
FL.4.8,2023-08-31,K478R,False,43.367,209,12.184,-0.8722499999999999,0.8069099999999999
FL.4.9,2023-08-31,S254P,False,39.582,211,11.617,-1.8118,1.2524
FL.4.11,2023-09-10,D1259Y,False,35.561,285,13.214,0.99349,1.737
FL.5,2023-04-22,,False,32.477,2849,0,0,0
FL.7,2023-05-06,T51I,False,37.23,432,12.906,-0.48536,2.1234
FL.8,2023-05-07,,False,30.9,1043,0,0,0
FL.9,2023-05-07,,False,33.73,269,0,0,0
FL.10,2023-05-07,,False,31.838,1335,0,0,0
FL.10.1,2023-06-10,E554K,False,48.456,1313,7.433166666666668,2.3065,1.3555
FL.11,2023-05-07,,False,34.063,360,0,0,0
FL.12,2023-05-08,,False,30.97,986,0,0,0
FL.13,2023-05-23,,False,31.448,1253,0,0,0
FL.13.1,2023-05-23,A411S,False,32.828,224,17.05,-1.2223,1.5955
FL.13.2,2023-06-28,K356T,False,51.915,225,5.2787,1.3251,1.5344
FL.13.3,2023-07-23,,False,33.083,398,0,0,0
FL.14,2023-05-23,V1122M,False,39.424,718,9.6807,-1.646,1.5062
FL.15,2023-05-29,F456L,False,46.115,1359,5.7838,-2.0145,1.158
FL.16,2023-05-30,D215V,False,42.503,524,13.491,1.9515,1.2943
FL.17,2023-06-14,,False,27.072,283,0,0,0
FL.18,2023-06-28,,False,35.848,1025,0,0,0
FL.19,2023-06-28,,False,34.781,527,0,0,0
FL.20,2023-06-29,Q52H; F456L,False,54.641,544,20.9168,-1.85006,3.1291
FL.22,2023-06-30,,False,35.543,426,0,0,0
FL.24,2023-07-09,Q613H; A688V,False,47.562,420,26.5184,-1.46316,3.4223
FL.25,2023-07-10,E554K,False,41.952,336,7.433166666666668,2.3065,1.3555
FL.26,2023-07-10,,False,31.518,216,0,0,0
FL.27,2023-07-19,,False,29.945,722,0,0,0
FL.29,2023-07-24,S490P,False,35.605,243,4.5435,-1.8118,1.0298
XBB.1.9.2,2023-02-03,,False,33.376,6967,0,0,0
EG.1,2023-02-19,Q613H,False,35.994,7614,17.082,0.16444,2.2645
EG.1.2,2023-04-22,Q613H,False,31.461,1198,17.082,0.16444,2.2645
EG.1.3,2023-04-22,Q613H,False,33.768,1172,17.082,0.16444,2.2645
EG.1.4,2023-04-22,Q613H,False,33.55,1091,17.082,0.16444,2.2645
EG.1.5,2023-06-30,S98F; Q613H,False,39.139,239,33.665,-0.39461999999999997,3.3015999999999996
EG.1.6,2023-07-14,Q613H,False,36.016,2061,17.082,0.16444,2.2645
EG.2,2023-04-04,K478R,False,41.738,2159,12.184,-0.8722499999999999,0.8069099999999999
EG.4,2023-04-22,,False,32.453,1268,0,0,0
EG.5.1,2023-05-07,Q52H; F456L,False,52.548,9915,20.9168,-1.85006,3.1291
EG.5.1.1,2023-06-20,Q52H; F456L,False,55.323,15781,20.9168,-1.85006,3.1291
HK.1,2023-07-23,Q52H; G257V; F456L,False,58.647,217,28.9482,-3.3118600000000002,4.3815
HK.3,2023-07-23,Q52H; L455F; F456L,True,77.369,2149,32.1558,-3.86456,4.3292
HK.6,2023-08-24,Q52H; D253G; F456L,False,60.487,646,34.1798,-0.59866,4.244199999999999
EG.5.1.2,2023-07-23,Q52H; F456L,False,47.212,391,20.9168,-1.85006,3.1291
EG.5.1.3,2023-07-23,Q52H; F456L,False,57.225,4949,20.9168,-1.85006,3.1291
JG.3,2023-09-17,Q52H; L455F; F456L; S704L,True,77.12,215,47.0068,-4.571,5.8807
EG.5.1.4,2023-07-23,Q52H; F456L,False,55.938,2304,20.9168,-1.85006,3.1291
EG.5.1.5,2023-07-23,Q52H; F456L,False,51.027,320,20.9168,-1.85006,3.1291
EG.5.1.6,2023-07-23,Q52H; F157L; F456L,False,59.101,1193,34.3328,-3.86456,4.1607
HV.1,2023-08-02,Q52H; F157L; L452R; F456L,False,69.434,1645,38.7083,0.05824000000000007,5.388
EG.5.1.8,2023-09-11,Q52H; L455F; F456L,True,76.764,207,32.1558,-3.86456,4.3292
EG.5.2,2023-05-24,F456L,False,42.033,1032,5.7838,-2.0145,1.158
EG.5.2.1,2023-07-25,F456L; S704L,False,47.922,325,20.634800000000002,-2.72094,2.7095000000000002
EG.6.1,2023-05-30,F456L,False,48.659,2337,5.7838,-2.0145,1.158
EG.7,2023-06-09,R403K; L513F,False,45.916,272,20.7825,-2.8867499999999997,3.2321999999999997
EG.10.1,2023-07-24,A344T; R403K; S494P; A701V,False,58.545,473,38.0105,-5.68135,5.346100000000001
EG.13,2023-08-31,,False,31.266,923,0,0,0
EG.14,2023-09-10,,False,36.116,536,0,0,0
GD.1,2023-05-07,Y453F; P486S,False,41.002,354,20.131899999999998,0.7369000000000001,0.50921
XBB.1.9.5,2023-03-19,P486S,False,15.211,273,3.3159000000000005,1.8118,-0.8258899999999999
XBB.1.11.1,2023-01-31,,False,27.838,269,0,0,0
FP.4,2023-05-30,,False,30.429,379,0,0,0
XBB.1.15,2023-02-19,P486S,False,7.0877,4015,3.3159000000000005,1.8118,-0.8258899999999999
XBB.1.16,2023-03-05,E180V; K478R,False,40.14,25010,24.453,0.8950500000000002,1.9933099999999997
XBB.1.16.1,2023-03-22,E180V; K478R; T547I,False,39.853,8686,37.757999999999996,0.4096900000000002,4.045909999999999
FU.1,2023-04-22,E180V; K478R; T547I,False,41.991,5179,37.757999999999996,0.4096900000000002,4.045909999999999
FU.2,2023-04-22,E180V; K478R; T547I,False,44.171,1237,37.757999999999996,0.4096900000000002,4.045909999999999
FU.2.1,2023-06-20,E180V; K478R; T547I; E619Q,False,48.024,870,49.95399999999999,0.16882000000000022,5.717809999999999
FU.3,2023-06-28,E180V; K478R; T547I,False,35.256,256,37.757999999999996,0.4096900000000002,4.045909999999999
XBB.1.16.2,2023-04-22,E180V; K478R,False,39.269,2303,24.453,0.8950500000000002,1.9933099999999997
GY.1,2023-06-26,L84I; E180V; K478R,False,45.937,303,30.329099999999997,-0.8983499999999999,3.5521099999999994
GY.5,2023-07-19,E180V; K478R,False,41.902,947,24.453,0.8950500000000002,1.9933099999999997
GY.6,2023-07-19,E180V; K478R,False,41.353,406,24.453,0.8950500000000002,1.9933099999999997
GY.7,2023-07-19,E180V; K478R,False,43.537,211,24.453,0.8950500000000002,1.9933099999999997
XBB.1.16.3,2023-04-22,E180V; K478R,False,37.846,575,24.453,0.8950500000000002,1.9933099999999997
XBB.1.16.4,2023-05-05,E180V; K478R; T678I,False,35.786,364,38.111,0.4096900000000002,3.1511099999999996
XBB.1.16.5,2023-05-06,E180V; K478R,False,40.72,445,24.453,0.8950500000000002,1.9933099999999997
XBB.1.16.6,2023-05-07,E180V; F456L; K478R,False,54.575,4935,30.236800000000002,-1.1194499999999996,3.1513099999999996
JF.1,2023-08-24,E180V; L455F; F456L; K478R,True,68.161,340,41.4758,-3.1339499999999996,4.35141
XBB.1.16.7,2023-05-25,E180V; K478R; T732I,False,42.283,502,39.048,0.4096900000000002,4.29861
XBB.1.16.8,2023-05-26,E180V; K478R; T732I,False,43.519,600,39.048,0.4096900000000002,4.29861
XBB.1.16.9,2023-05-30,E180V; F456L; K478R,False,50.803,652,30.236800000000002,-1.1194499999999996,3.1513099999999996
XBB.1.16.10,2023-06-12,E180V; K478R,False,38.856,503,24.453,0.8950500000000002,1.9933099999999997
XBB.1.16.11,2023-06-14,E180V; K478R; P521T,False,52.576,2717,37.361,-1.0641499999999997,3.8182099999999997
XBB.1.16.12,2023-06-30,Q52H; E180V; K478R,False,44.927,380,39.586,1.0594900000000003,3.9644099999999995
XBB.1.16.13,2023-06-30,E180V; K478R,False,39.88,415,24.453,0.8950500000000002,1.9933099999999997
HF.1,2023-07-14,E180V; K304N; K478R,False,51.645,2161,40.288,1.3726900000000004,4.11501
XBB.1.16.14,2023-07-10,E180V; L452Q; K478R,False,49.022,294,36.285,0.9808120000000001,3.2206099999999998
XBB.1.16.15,2023-07-13,K147N; E180V; K478R; P521S,False,56.993,1255,39.794866666666664,-0.43910999999999967,4.54518
XBB.1.16.18,2023-07-25,E180V; K478R,False,40.265,684,24.453,0.8950500000000002,1.9933099999999997
XBB.1.16.19,2023-07-25,E180V; K478R,False,42.141,881,24.453,0.8950500000000002,1.9933099999999997
XBB.1.16.20,2023-07-25,E180V; K478R,False,40.596,303,24.453,0.8950500000000002,1.9933099999999997
XBB.1.16.21,2023-07-25,E180V; K478R,False,43.186,582,24.453,0.8950500000000002,1.9933099999999997
XBB.1.16.22,2023-07-25,E180V; K478R,False,37.028,369,24.453,0.8950500000000002,1.9933099999999997
XBB.1.16.23,2023-09-01,E180V; K304Q; K478R,False,53.215,249,38.454,1.2805700000000004,4.11501
XBB.1.17.1,2023-03-18,D215H,False,31.172,1063,13.913000000000002,2.0118,1.2943
GA.2,2023-05-06,D215H,False,29.241,229,13.913000000000002,2.0118,1.2943
XBB.1.18,2023-03-18,P486S,False,12.408,327,3.3159000000000005,1.8118,-0.8258899999999999
XBB.1.18.1,2023-03-18,,False,29.124,1264,0,0,0
FE.1,2023-03-22,F456L,False,37.329,342,5.7838,-2.0145,1.158
FE.1.1,2023-05-05,F456L,False,41.046,1266,5.7838,-2.0145,1.158
FE.1.1.1,2023-06-09,F456L,False,38.505,287,5.7838,-2.0145,1.158
HE.1,2023-07-14,F456L; V622I,False,37.843,215,18.6258,-3.8263,2.6851
FE.1.2,2023-05-05,F456L,False,39.714,1512,5.7838,-2.0145,1.158
XBB.1.19.1,2023-03-19,E554K,False,31.405,519,7.433166666666668,2.3065,1.3555
GW.1,2023-06-26,E554K,False,37.718,270,7.433166666666668,2.3065,1.3555
XBB.1.22,2023-03-19,,False,41.142,417,0,0,0
XBB.1.22.1,2023-03-19,Y200C,False,40.95,881,14.394,-2.125,1.9521
FY.1.2,2023-06-12,Y200C; T572I,False,45.855,420,29.68,-2.61036,4.1348
FY.2,2023-05-04,I197T; Y200C,False,43.35,714,26.206,-2.61036,3.856
FY.2.1,2023-07-23,I197T; Y200C; A684V,False,43.97,452,43.831,-4.23796,5.0138
FY.3,2023-05-04,Y200C,False,47.331,615,14.394,-2.125,1.9521
FY.3.1,2023-05-24,Y200C; I210T,False,47.898,1725,25.712,-2.61036,3.3228
FY.3.2,2023-08-31,Y200C,False,47.043,731,14.394,-2.125,1.9521
FY.3.3,2023-08-31,Y200C,False,48.46,478,14.394,-2.125,1.9521
FY.5,2023-06-12,Y200C; K478R,False,47.425,708,26.578,-2.9972499999999997,2.75901
FY.6,2023-06-30,Y200C,False,38.855,313,14.394,-2.125,1.9521
XBB.1.22.2,2023-03-19,,False,34.507,596,0,0,0
XBB.1.24.1,2023-05-07,L518Q,False,36.193,227,18.880666666666663,0.085762,1.6874
XBB.1.33,2023-04-18,A376T; K964E,False,37.203,359,14.661299999999999,3.6762,0.7785000000000002
XBB.1.37.1,2023-05-06,,False,31.762,304,0,0,0
XBB.1.41.1,2023-06-09,L335S; R403K; K478R,False,52.013,353,27.3375,-2.4509399999999997,3.6077099999999995
XBB.1.42,2023-05-31,Q613H,False,41.4,447,17.082,0.16444,2.2645
XBB.1.42.2,2023-07-23,Q613H,False,46.435,1542,17.082,0.16444,2.2645
XBB.2,2022-10-15,V252G; D253G; P486S,False,0.2068,1353,3.192900000000001,4.525,-0.8925899999999999
XBB.2.2,2022-12-22,V252G; D253G; P486S; Q613H,False,2.5614,298,20.274900000000002,4.68944,1.3719100000000002
XBB.2.3,2023-01-31,V252G; D253G; P521S,False,38.729,5190,11.375,0.9014,1.7582
XBB.2.3.1,2023-03-24,D80Y; V252G; D253G; P521S,False,32.528,330,26.901000000000003,1.89489,2.9036999999999997
XBB.2.3.2,2023-03-24,G184V; V252G; D253G; P521S,False,40.615,1983,19.1139,-0.5604,2.959
HH.1,2023-07-14,G184V; V252G; D253G; P521S,False,41.271,2043,19.1139,-0.5604,2.959
HH.1.1,2023-07-14,G181A; G184V; V252G; D253G; P521S,False,42.291,225,32.4279,-2.5564999999999998,4.2318999999999996
HH.2,2023-07-14,G184V; V252G; D253G; P521S,False,44.365,437,19.1139,-0.5604,2.959
XBB.2.3.3,2023-04-04,K182N; V252G; D253G; P521S,False,41.949,1054,16.676000000000002,1.37904,2.9295999999999998
GJ.1.1,2023-06-09,K182N; A222V; V252G; D253G; P521S,False,43.766,413,20.8525,-0.2485599999999999,4.8579
GJ.1.2,2023-06-26,K182N; V252G; D253G; P521S,False,48.171,3309,16.676000000000002,1.37904,2.9295999999999998
GJ.3,2023-07-14,K182N; V252G; D253G; P521S,False,40.279,321,16.676000000000002,1.37904,2.9295999999999998
GJ.4,2023-08-07,M153I; K182N; V252G; D253G; P521S,False,44.335,202,29.958999999999996,0.08304,3.9612000000000003
XBB.2.3.4,2023-04-04,V252G; D253G; K478Q; P521S,False,36.567,246,16.6632,1.28692,2.56511
GZ.1,2023-06-28,F186L; V252G; D253G; K478Q; P521S,False,46.204,208,28.035199999999996,-0.7275800000000001,3.75831
XBB.2.3.5,2023-04-12,V252G; D253G; K478N; P521S,False,40.121,479,23.793,1.37904,2.56511
XBB.2.3.6,2023-04-19,V252G; D253G; P521S,False,35.445,481,11.375,0.9014,1.7582
XBB.2.3.7,2023-04-19,V252G; D253G; P521S,False,34.858,296,11.375,0.9014,1.7582
XBB.2.3.8,2023-05-01,V252G; D253G; K478R; P521S,False,42.731,1877,23.558999999999997,0.02915000000000023,2.56511
XBB.2.3.11,2023-05-07,V252G; D253G; K478R; P521S,False,44.757,833,23.558999999999997,0.02915000000000023,2.56511
GS.1,2023-06-12,E213D; V252G; D253G; K478R; P521S,False,44.2,382,22.1529,-1.94855,3.65781
GS.4.1,2023-08-24,N185D; V252G; D253G; K478R; P521S,False,62.301,1060,37.522,-0.19329999999999958,3.66991
XBB.2.3.14,2023-07-14,V252G; D253G; P521S,False,35.77,222,11.375,0.9014,1.7582
XBB.2.4,2023-02-03,V252G; D253G,False,23.512,543,-0.12299999999999933,2.7132,-0.06669999999999998
XBB.2.5,2023-02-19,V252G; D253G; P486S; Q613H,False,9.2605,300,20.274900000000002,4.68944,1.3719100000000002
XBB.2.6,2023-02-26,V252G; D253G; P486S,False,6.3174,6504,3.192900000000001,4.525,-0.8925899999999999
GH.1,2023-06-01,V252G; D253G; P486S; P521S,False,27.913,293,14.690900000000001,2.7132000000000005,0.9323100000000001
XBB.2.6.2,2023-06-01,I19L; V252G; D253G; P486S,False,8.4191,264,11.163666666666668,2.7316000000000003,0.2255100000000002
XBB.2.8,2023-03-24,V252G; D253G; P486S,False,-0.91094,613,3.192900000000001,4.525,-0.8925899999999999
XBB.2.11.1,2023-06-11,V252G; D253G; P486S,False,7.3992,618,3.192900000000001,4.525,-0.8925899999999999
XBB.3,2022-10-15,V252G; P486S,False,-3.0883,879,-10.070099999999998,3.2736,-2.0076899999999998
XBB.3.2,2022-12-22,M177T; V252G; P486S,False,0.70015,221,2.928900000000002,1.9223000000000001,-0.7347899999999999
XBB.4,2022-10-20,V252G; K444R; P486S,False,-0.43899,245,1.096900000000001,2.4013500000000003,-0.9796899999999998
XBB.6.1,2023-01-09,V252G,False,15.834,293,-13.386,1.4618,-1.1818
XBB.8,2023-02-26,V252G; P486S,False,-4.7505,218,-10.070099999999998,3.2736,-2.0076899999999998
XBB.9,2023-04-24,V252G; P486S,False,-1.9703,853,-10.070099999999998,3.2736,-2.0076899999999998
