clade,parent,date,new_spike_mut,all_new_muts,only_new_mut_is_spike,sera escape,ACE2 affinity,cell entry,new_mut_is_RBD,growth_rate,n_sequences,parent_growth_rate,parent_n_sequences,change_in_growth_rate
XBB.1,XBB,2022-10-03,G252V,S:G252V,True,-0.0716,0.02517,-0.03082,False,1.2048,17510,-0.93671,1650,2.1415
XBB.2,XBB,2022-10-15,D253G,S:D253G,True,-0.2303,-0.1234,-0.1294,False,0.2068,1353,-0.93671,1650,1.1435
XBB.4,XBB,2022-10-20,K444R,ORF1a:G82D; S:K444R,False,-0.02104,0.04488,-0.05194,True,-0.43899,245,-0.93671,1650,0.49772
XBB.1.4,XBB.1,2022-11-06,T883I,ORF8:G8*; S:T883I,False,0.07632,-0.1625,-0.1008,False,5.1684,519,1.2048,17510,3.9637
XBB.1.5,XBB.1,2022-11-08,S486P,S:S486P; ORF8:G8*,False,0.2269,0.5783,0.247,True,25.309,156404,1.2048,17510,24.104
XBB.1.22,XBB.1,2023-03-19,S486P,S:S486P; ORF8:G8*; ORF9b:I5T,False,0.2269,0.5783,0.247,True,41.142,417,1.2048,17510,39.937
XBB.1.4.1,XBB.1.4,2022-11-25,S673G,S:S673G,True,0.01171,0.3172,-0.7797,False,3.3761,1455,5.1684,519,-1.7923
XBB.1.5.1,XBB.1.5,2023-01-28,T573I,S:T573I,True,-0.02976,-0.07144,0.07914,False,29.247,3285,25.309,156404,3.9384
XBB.1.5.3,XBB.1.5,2023-01-29,A411S,S:A411S,True,-0.006861,0.01833,-0.2186,True,25.712,330,25.309,156404,0.40348
XBB.1.5.4,XBB.1.5,2023-02-10,T883I,S:T883I,True,0.07632,-0.1625,-0.1008,False,29.901,2023,25.309,156404,4.5923
XBB.1.5.5,XBB.1.5,2023-02-10,K1181I,ORF1a:S2246L; S:K1181I,False,-0.003512,0.04976,-0.1511,False,29.693,1054,25.309,156404,4.3847
XBB.1.5.6,XBB.1.5,2023-02-10,V952I,S:V952I,True,-0.07848,0.1573,0.06078,False,23.16,280,25.309,156404,-2.1492
XBB.1.5.10,XBB.1.5,2023-02-10,F456L,ORF1b:A1643V; S:F456L,False,0.2001,-0.3013,-0.02328,True,37.889,2176,25.309,156404,12.58
XBB.1.5.12,XBB.1.5,2023-02-19,T323I,S:T323I,True,-0.137,-0.1482,-0.257,False,28.775,2303,25.309,156404,3.4665
XBB.1.5.22,XBB.1.5,2023-03-18,Q146K,S:Q146K; ORF1a:E1498A,False,-0.06804,-0.02033,0.05065,False,20.179,314,25.309,156404,-5.1299
XBB.1.5.25,XBB.1.5,2023-03-18,K97T,S:K97T,True,0.1069,-0.08113,-0.01326,False,25.8,661,25.309,156404,0.4916
XBB.1.5.27,XBB.1.5,2023-03-22,K478R,S:K478R; ORF1a:E1015G,False,0.02994,-0.09573,0.03784,True,32.11,318,25.309,156404,6.8013
XBB.1.5.28,XBB.1.5,2023-03-22,K478R,S:K478R,True,0.02994,-0.09573,0.03784,True,35.073,761,25.309,156404,9.7643
XBB.1.5.30,XBB.1.5,2023-03-22,A348T,S:A348T,True,0.008368,-0.01643,0.04135,True,30.41,808,25.309,156404,5.1011
XBB.1.5.35,XBB.1.5,2023-03-24,N978S,S:N978S,True,-0.1159,-0.1391,-0.1005,False,28.962,1292,25.309,156404,3.6532
XBB.1.5.37,XBB.1.5,2023-03-27,K1045R,S:K1045R,True,0.05959,-0.1069,-0.06603,False,33.532,3551,25.309,156404,8.2236
XBB.1.5.50,XBB.1.5,2023-04-26,P621S,N:T49I; ORF1a:A2097V; S:P621S,False,-0.1209,-0.1898,0.01162,False,29.064,591,25.309,156404,3.7555
XBB.1.5.56,XBB.1.5,2023-05-05,A852S,S:A852S,True,-0.1249,0.2201,-0.0788,False,27.847,537,25.309,156404,2.538
XBB.1.5.59,XBB.1.5,2023-05-06,F456L,ORF1a:S2822P; S:F456L,False,0.2001,-0.3013,-0.02328,True,39.844,719,25.309,156404,14.536
XBB.1.5.60,XBB.1.5,2023-05-06,M177I,ORF1a:T2106I; S:M177I,False,0.02606,0.04802,0.04632,False,27.405,337,25.309,156404,2.0958
XBB.1.5.72,XBB.1.5,2023-05-31,F456L,ORF1a:G445S; S:F456L,False,0.2001,-0.3013,-0.02328,True,45.745,1477,25.309,156404,20.436
XBB.1.5.90,XBB.1.5,2023-07-10,P621S,ORF1b:S2312L; S:P621S,False,-0.1209,-0.1898,0.01162,False,31.053,359,25.309,156404,5.7441
XBB.1.5.91,XBB.1.5,2023-07-10,P621S,S:P621S,True,-0.1209,-0.1898,0.01162,False,28.664,657,25.309,156404,3.3553
XBB.1.5.94,XBB.1.5,2023-07-14,Q613H,S:Q613H,True,-0.01907,-0.4249,0.1315,False,30.973,386,25.309,156404,5.6642
XBB.1.5.97,XBB.1.5,2023-07-24,T941S,S:T941S,True,-0.01727,-0.07001,0.0871,False,31.391,409,25.309,156404,6.0824
XBB.1.5.100,XBB.1.5,2023-08-02,V1122M,S:V1122M,True,0.01212,0.03866,-0.08652,False,31.147,597,25.309,156404,5.8383
XBB.1.5.104,XBB.1.5,2023-09-01,K304Q,S:K304Q,True,-0.01765,-0.049,-1.094,False,33.298,402,25.309,156404,7.989
EM.1,XBB.1.5.7,2023-02-26,R214L,S:R214L,True,0.05816,-0.08279,-0.1346,False,24.581,598,24.667,6252,-0.086334
EK.2,XBB.1.5.13,2023-02-26,T259I,ORF1a:L3829F; S:T259I,False,-0.01375,-0.1702,0.06108,False,25.841,403,25.821,6375,0.020144
EK.3,XBB.1.5.13,2023-03-22,P251S,S:P251S,True,-0.1013,-0.2165,-0.001705,False,25.266,231,25.821,6375,-0.55534
EL.1,XBB.1.5.14,2023-02-21,Q675H,S:Q675H,True,-0.001338,-0.1003,-0.3333,False,27.606,1201,24.504,911,3.1022
FD.2,XBB.1.5.15,2023-03-27,Q146K,S:Q146K; ORF1a:G519S,False,-0.06804,-0.02033,0.05065,False,26.365,2569,26.147,4535,0.21796
FD.3,XBB.1.5.15,2023-05-03,A348S,S:A348S,True,0.2003,-0.1663,0.005438,True,28.111,223,26.147,4535,1.9646
FG.2,XBB.1.5.16,2023-03-24,D178N,S:D178N,True,0.01579,0.02056,-0.03643,False,27.292,296,25.222,2089,2.0707
FG.3,XBB.1.5.16,2023-03-24,I934V,S:I934V,True,0.02419,-0.2596,0.07747,False,28.537,208,25.222,2089,3.3149
FH.1,XBB.1.5.17,2023-03-27,T883I,S:T883I,True,0.07632,-0.1625,-0.1008,False,30.034,343,25.334,3049,4.6999
GF.1,XBB.1.5.24,2023-05-23,E748V,S:E748V,True,0.07404,-0.4767,0.06399,False,38.836,1193,28.268,3234,10.569
GB.1,XBB.1.5.46,2023-05-06,L518V,ORF8:V62L; ORF9b:I5T; S:L518V,False,0.02201,-0.3646,0.07188,True,37.045,731,26.772,1594,10.273
GV.1,XBB.1.5.48,2023-06-20,K478R,S:K478R; ORF7b:F19L,False,0.02994,-0.09573,0.03784,True,40.3,339,24.754,2044,15.546
HT.1,XBB.1.5.49,2023-07-26,N148T,S:N148T,True,-0.05211,0.07005,0.007075,False,33.094,298,30.792,3154,2.3014
HT.2,XBB.1.5.49,2023-07-26,T51I,S:T51I,True,-0.01601,-0.07416,0.00951,False,33.023,528,30.792,3154,2.2307
GK.1,XBB.1.5.70,2023-06-06,S704L,ORF3a:T89I; S:S704L,False,-0.05457,0.2691,0.07445,False,49.444,652,45.164,499,4.2801
GK.1.1,GK.1,2023-07-13,T573I,S:T573I,True,-0.02976,-0.07144,0.07914,False,60.481,1205,49.444,652,11.037
GN.1,XBB.1.5.73,2023-06-10,F456L,ORF1a:T3356I; ORF3a:G18V; S:F456L,False,0.2001,-0.3013,-0.02328,True,47.775,513,33.259,1111,14.515
HS.1,XBB.1.5.95,2023-07-26,K478R,S:K478R,True,0.02994,-0.09573,0.03784,True,42.281,227,26.595,1376,15.686
HY.1,XBB.1.5.100,2023-08-02,K478R,S:K478R,True,0.02994,-0.09573,0.03784,True,45.232,322,31.147,597,14.085
XBB.1.9.1,XBB.1.9,2023-01-09,S486P,S:S486P,True,0.2269,0.5783,0.247,True,33.182,14817,8.7085,986,24.474
XBB.1.9.2,XBB.1.9,2023-02-03,S486P,S:S486P,True,0.2269,0.5783,0.247,True,33.376,6967,8.7085,986,24.668
FL.1,XBB.1.9.1,2023-04-04,A701V,ORF1a:G993S; S:A701V,False,0.004834,-0.0089,0.02643,False,35.017,639,33.182,14817,1.8343
FL.7,XBB.1.9.1,2023-05-06,T51I,S:T51I,True,-0.01601,-0.07416,0.00951,False,37.23,432,33.182,14817,4.0471
FL.14,XBB.1.9.1,2023-05-23,V1122M,S:V1122M,True,0.01212,0.03866,-0.08652,False,39.424,718,33.182,14817,6.241
FL.15,XBB.1.9.1,2023-05-29,F456L,ORF1a:E637K; S:F456L,False,0.2001,-0.3013,-0.02328,True,46.115,1359,33.182,14817,12.932
FL.16,XBB.1.9.1,2023-05-30,D215V,S:D215V,True,-0.08437,0.03181,-0.1983,False,42.503,524,33.182,14817,9.3201
FL.25,XBB.1.9.1,2023-07-10,E554K,S:E554K,True,0.08039,-0.1947,-0.0152,False,41.952,336,33.182,14817,8.7692
FL.1.5,FL.1,2023-06-06,F456L,ORF1b:K2557R; S:F456L,False,0.2001,-0.3013,-0.02328,True,45.469,498,35.017,639,10.452
FL.1.5.1,FL.1.5,2023-06-06,K478R,S:K478R; ORF1b:S2198I,False,0.02994,-0.09573,0.03784,True,58.532,4724,45.469,498,13.063
HN.1,FL.1.5.1,2023-07-24,A67S,S:A67S,True,0.02924,-0.03832,0.02223,False,58.839,312,58.532,4724,0.3071
FL.4.2,FL.4,2023-05-23,V289I,ORF1a:T951I; S:V289I,False,-0.09312,-0.07623,-0.2024,False,38.851,256,34.437,6392,4.4142
FL.4.8,FL.4,2023-08-31,K478R,S:K478R,True,0.02994,-0.09573,0.03784,True,43.367,209,34.437,6392,8.9304
FL.4.9,FL.4,2023-08-31,S254P,ORF3a:D173G; S:S254P,False,-0.000895,-0.04296,0.06217,False,39.582,211,34.437,6392,5.1455
FL.10.1,FL.10,2023-06-10,E554K,S:E554K,True,0.08039,-0.1947,-0.0152,False,48.456,1313,31.838,1335,16.618
FL.13.1,FL.13,2023-05-23,A411S,ORF1a:P80S; ORF1a:T4249I; S:A411S,False,-0.006861,0.01833,-0.2186,True,32.828,224,31.448,1253,1.3804
FL.13.2,FL.13,2023-06-28,K356T,S:K356T,True,0.3649,-0.3785,-0.1362,True,51.915,225,31.448,1253,20.467
EG.1,XBB.1.9.2,2023-02-19,Q613H,N:L219F; S:Q613H,False,-0.01907,-0.4249,0.1315,False,35.994,7614,33.376,6967,2.6183
EG.2,XBB.1.9.2,2023-04-04,K478R,S:K478R,True,0.02994,-0.09573,0.03784,True,41.738,2159,33.376,6967,8.3618
EG.1.5,EG.1,2023-06-30,S98F,S:S98F,True,0.07626,-0.0602,-0.08941,False,39.139,239,35.994,7614,3.1445
HK.3,EG.5.1.1,2023-07-23,L455F,S:L455F,True,0.1516,-0.9594,0.1212,True,77.369,2149,55.323,15781,22.046
HK.6,EG.5.1.1,2023-08-24,D253G,ORF1a:A1923T; S:D253G,False,-0.2303,-0.1234,-0.1294,False,60.487,646,55.323,15781,5.1639
EG.5.1.6,EG.5.1,2023-07-23,F157L,ORF1a:S1857L; S:F157L,False,0.04657,0.2894,-0.107,False,59.101,1193,52.548,9915,6.5528
EG.5.1.8,EG.5.1,2023-09-11,L455F,S:L455F,True,0.1516,-0.9594,0.1212,True,76.764,207,52.548,9915,24.215
HV.1,EG.5.1.6,2023-08-02,L452R,S:L452R,True,0.1816,0.1571,0.1286,True,69.434,1645,59.101,1193,10.332
EG.5.2.1,EG.5.2,2023-07-25,S704L,ORF1a:H1113Y; ORF1a:N2155S; ORF3a:I118V; S:S704L,False,-0.05457,0.2691,0.07445,False,47.922,325,42.033,1032,5.8885
XBB.1.16.1,XBB.1.16,2023-03-22,T547I,S:T547I,True,0.03809,-0.2494,-0.02672,False,39.853,8686,40.14,25010,-0.28681
XBB.1.16.4,XBB.1.16,2023-05-05,T678I,S:T678I,True,-0.07625,0.136,0.01428,False,35.786,364,40.14,25010,-4.3538
XBB.1.16.6,XBB.1.16,2023-05-07,F456L,S:F456L,True,0.2001,-0.3013,-0.02328,True,54.575,4935,40.14,25010,14.434
XBB.1.16.7,XBB.1.16,2023-05-25,T732I,ORF1a:Y1090H; S:T732I,False,-0.1187,0.3729,0.06165,False,42.283,502,40.14,25010,2.1428
XBB.1.16.8,XBB.1.16,2023-05-26,T732I,S:T732I,True,-0.1187,0.3729,0.06165,False,43.519,600,40.14,25010,3.3787
XBB.1.16.9,XBB.1.16,2023-05-30,F456L,ORF1a:S2500F; S:F456L,False,0.2001,-0.3013,-0.02328,True,50.803,652,40.14,25010,10.663
XBB.1.16.11,XBB.1.16,2023-06-14,P521T,S:P521T,True,-0.1098,-0.04532,-0.1188,True,52.576,2717,40.14,25010,12.435
XBB.1.16.12,XBB.1.16,2023-06-30,Q52H,S:Q52H,True,-0.0722,0.1697,0.07384,False,44.927,380,40.14,25010,4.7871
XBB.1.16.14,XBB.1.16,2023-07-10,L452Q,S:L452Q,True,0.2096,0.197,-0.1389,True,49.022,294,40.14,25010,8.882
XBB.1.16.23,XBB.1.16,2023-09-01,K304Q,S:K304Q,True,-0.01765,-0.049,-1.094,False,53.215,249,40.14,25010,13.075
FU.2.1,FU.2,2023-06-20,E619Q,ORF1a:T2106N; S:E619Q,False,-0.06871,-0.1867,-0.07397,False,48.024,870,44.171,1237,3.8529
GY.1,XBB.1.16.2,2023-06-26,L84I,ORF1a:A4068S; S:L84I,False,0.107,-0.2812,0.07751,False,45.937,303,39.269,2303,6.6679
JF.1,XBB.1.16.6,2023-08-24,L455F,S:L455F,True,0.1516,-0.9594,0.1212,True,68.161,340,54.575,4935,13.587
HF.1,XBB.1.16.13,2023-07-14,K304N,S:K304N,True,-0.03204,-0.3787,-0.09076,False,51.645,2161,39.88,415,11.764
XBB.1.18.1,XBB.1.18,2023-03-18,S486P,S:S486P,True,0.2269,0.5783,0.247,True,29.124,1264,12.408,327,16.716
FE.1,XBB.1.18.1,2023-03-22,F456L,ORF1a:S1133G; ORF3a:F207C; S:F456L,False,0.2001,-0.3013,-0.02328,True,37.329,342,29.124,1264,8.2053
HE.1,FE.1.1.1,2023-07-14,V622I,ORF8:A55V; S:V622I,False,0.1317,0.03887,0.03163,False,37.843,215,38.505,287,-0.66214
XBB.1.22.1,XBB.1.22,2023-03-19,Y200C,S:Y200C,True,0.3727,-0.6727,-0.07328,False,40.95,881,41.142,417,-0.19221
FY.2,XBB.1.22.1,2023-05-04,I197T,ORF1b:S997P; S:I197T,False,-0.0908,0.1005,0.01591,False,43.35,714,40.95,881,2.4
FY.5,XBB.1.22.1,2023-06-12,K478R,S:K478R,True,0.02994,-0.09573,0.03784,True,47.425,708,40.95,881,6.4752
FY.2.1,FY.2,2023-07-23,A684V,ORF1a:T1874I; S:A684V,False,-0.283,0.06389,-0.2468,False,43.97,452,43.35,714,0.61973
FY.3.1,FY.3,2023-05-24,I210T,ORF1a:D1282Y; ORF1a:T1760I; S:I210T,False,-0.01894,-0.01793,0.06572,False,47.898,1725,47.331,615,0.56681
XBB.2.2,XBB.2,2022-12-22,Q613H,ORF3a:D155Y; S:Q613H,False,-0.01907,-0.4249,0.1315,False,2.5614,298,0.2068,1353,2.3546
XBB.2.4,XBB.2,2023-02-03,S486P,S:S486P,True,0.2269,0.5783,0.247,True,23.512,543,0.2068,1353,23.305
XBB.2.5,XBB.2,2023-02-19,Q613H,S:Q613H,True,-0.01907,-0.4249,0.1315,False,9.2605,300,0.2068,1353,9.0537
XBB.2.3.1,XBB.2.3,2023-03-24,D80Y,ORF1b:A241T; ORF7a:H47Y; S:D80Y,False,0.02413,-0.03,-0.08283,False,32.528,330,38.729,5190,-6.2011
XBB.2.3.2,XBB.2.3,2023-03-24,G184V,ORF1a:R2159W; S:G184V,False,-0.04363,0.1508,0.05378,False,40.615,1983,38.729,5190,1.8859
XBB.2.3.3,XBB.2.3,2023-04-04,K182N,S:K182N,True,-0.0323,-0.02203,0.08785,False,41.949,1054,38.729,5190,3.2192
XBB.2.3.5,XBB.2.3,2023-04-12,K478N,S:K478N,True,0.1104,-0.1795,0.08826,True,40.121,479,38.729,5190,1.3913
XBB.2.3.8,XBB.2.3,2023-05-01,K478R,S:K478R; ORF1a:A583V; ORF1a:L3829F,False,0.02994,-0.09573,0.03784,True,42.731,1877,38.729,5190,4.0019
XBB.2.3.11,XBB.2.3,2023-05-07,K478R,S:K478R,True,0.02994,-0.09573,0.03784,True,44.757,833,38.729,5190,6.0278
HH.1.1,HH.1,2023-07-14,G181A,S:G181A,True,-0.1198,0.1037,0.05609,False,42.291,225,41.271,2043,1.0194
GJ.4,XBB.2.3.3,2023-08-07,M153I,S:M153I,True,-0.04363,0.05926,0.03275,False,44.335,202,41.949,1054,2.3859
GZ.1,XBB.2.3.4,2023-06-28,F186L,S:F186L,True,0.01363,0.0003193,0.023,False,46.204,208,36.567,246,9.637
GE.1.3,GE.1,2023-08-24,T732I,ORF1b:I1403V; S:T732I,False,-0.1187,0.3729,0.06165,False,47.469,237,51.373,1771,-3.9041
GS.1,XBB.2.3.11,2023-06-12,E213D,S:E213D,True,0.07506,0.0634,0.07677,False,44.2,382,44.757,833,-0.55713
XBB.2.6.2,XBB.2.6,2023-06-01,I19L,S:I19L,True,-0.06043,0.1969,-0.03896,False,8.4191,264,6.3174,6504,2.1017
XBB.3.2,XBB.3,2022-12-22,M177T,ORF8:S54L; S:M177T,False,0.1037,-0.3243,-0.05476,False,0.70015,221,-3.0883,879,3.7884
