clade,parent,date,n_new_spike_muts,spike_new_muts,nonspike_new_muts,growth_rate,n_sequences,parent_growth_rate,parent_n_sequences,change_in_growth_rate,distance
XBB.1,XBB,2022-10-03,1,G252V,,1.2048,17510,-0.93671,1650,2.1415,1
XBB.2,XBB,2022-10-15,1,D253G,,0.2068,1353,-0.93671,1650,1.1435,1
XBB.1.4,XBB.1,2022-11-06,1,T883I,ORF8:G8*,5.1684,519,1.2048,17510,3.9637,1
XBB.1.5,XBB.1,2022-11-08,1,S486P,ORF8:G8*,25.309,156404,1.2048,17510,24.104,0
XBB.1.16,XBB.1,2023-03-05,3,K478R; S486P; E180V,ORF1a:L3829F; ORF1b:D1746Y; ORF8:G8*; ORF9b:I5T; ORF9b:N55S,40.14,25010,1.2048,17510,38.935,1
XBB.1.22,XBB.1,2023-03-19,1,S486P,ORF8:G8*; ORF9b:I5T,41.142,417,1.2048,17510,39.937,0
XBB.1.42,XBB.1,2023-05-31,2,S486P; Q613H,ORF1a:T4175I; ORF8:G8*; ORF9b:I5T,41.4,447,1.2048,17510,40.196,1
XBB.1.4.1,XBB.1.4,2022-11-25,1,S673G,,3.3761,1455,5.1684,519,-1.7923,1
XBB.1.5.1,XBB.1.5,2023-01-28,1,T573I,,29.247,3285,25.309,156404,3.9384,1
XBB.1.5.2,XBB.1.5,2023-01-29,2,K147I; T284I,,27.317,975,25.309,156404,2.008,2
XBB.1.5.4,XBB.1.5,2023-02-10,1,T883I,,29.901,2023,25.309,156404,4.5923,1
XBB.1.5.5,XBB.1.5,2023-02-10,1,K1181I,ORF1a:S2246L,29.693,1054,25.309,156404,4.3847,1
XBB.1.5.10,XBB.1.5,2023-02-10,1,F456L,ORF1b:A1643V,37.889,2176,25.309,156404,12.58,1
XBB.1.5.12,XBB.1.5,2023-02-19,1,T323I,,28.775,2303,25.309,156404,3.4665,1
XBB.1.5.25,XBB.1.5,2023-03-18,1,K97T,,25.8,661,25.309,156404,0.4916,1
XBB.1.5.28,XBB.1.5,2023-03-22,1,K478R,,35.073,761,25.309,156404,9.7643,0
XBB.1.5.30,XBB.1.5,2023-03-22,1,A348T,,30.41,808,25.309,156404,5.1011,1
XBB.1.5.35,XBB.1.5,2023-03-24,1,N978S,,28.962,1292,25.309,156404,3.6532,1
XBB.1.5.37,XBB.1.5,2023-03-27,1,K1045R,,33.532,3551,25.309,156404,8.2236,1
XBB.1.5.38,XBB.1.5,2023-03-27,1,I666V,ORF1a:T403I,27.331,520,25.309,156404,2.0225,1
XBB.1.5.50,XBB.1.5,2023-04-26,1,P621S,N:T49I; ORF1a:A2097V,29.064,591,25.309,156404,3.7555,1
XBB.1.5.56,XBB.1.5,2023-05-05,1,A852S,,27.847,537,25.309,156404,2.538,1
XBB.1.5.59,XBB.1.5,2023-05-06,1,F456L,ORF1a:S2822P,39.844,719,25.309,156404,14.536,1
XBB.1.5.70,XBB.1.5,2023-05-22,2,L455F; F456L,ORF1a:A4068S; ORF8:P38S,45.164,499,25.309,156404,19.855,2
XBB.1.5.71,XBB.1.5,2023-05-25,1,V511I,ORF1a:M85V; ORF1a:G82-; ORF1a:H83-; ORF1a:V84-,38.386,431,25.309,156404,13.077,1
XBB.1.5.72,XBB.1.5,2023-05-31,1,F456L,ORF1a:G445S,45.745,1477,25.309,156404,20.436,1
XBB.1.5.91,XBB.1.5,2023-07-10,1,P621S,,28.664,657,25.309,156404,3.3553,1
XBB.1.5.97,XBB.1.5,2023-07-24,1,T941S,,31.391,409,25.309,156404,6.0824,1
XBB.1.5.100,XBB.1.5,2023-08-02,1,V1122M,,31.147,597,25.309,156404,5.8383,1
XBB.1.5.104,XBB.1.5,2023-09-01,1,K304Q,,33.298,402,25.309,156404,7.989,1
EM.1,XBB.1.5.7,2023-02-26,1,R214L,,24.581,598,24.667,6252,-0.086334,1
EK.2,XBB.1.5.13,2023-02-26,1,T259I,ORF1a:L3829F,25.841,403,25.821,6375,0.020144,1
EL.1,XBB.1.5.14,2023-02-21,1,Q675H,,27.606,1201,24.504,911,3.1022,1
FD.2,XBB.1.5.15,2023-03-27,1,Q146K,ORF1a:G519S,26.365,2569,26.147,4535,0.21796,0
GF.1,XBB.1.5.24,2023-05-23,1,E748V,,38.836,1193,28.268,3234,10.569,1
GB.1,XBB.1.5.46,2023-05-06,1,L518V,ORF8:V62L; ORF9b:I5T,37.045,731,26.772,1594,10.273,1
HT.2,XBB.1.5.49,2023-07-26,1,T51I,,33.023,528,30.792,3154,2.2307,1
GK.1,XBB.1.5.70,2023-06-06,1,S704L,ORF3a:T89I,49.444,652,45.164,499,4.2801,1
GK.2,XBB.1.5.70,2023-06-10,1,V511I,,54.242,472,45.164,499,9.0783,1
GK.1.1,GK.1,2023-07-13,1,T573I,,60.481,1205,49.444,652,11.037,1
GN.1,XBB.1.5.73,2023-06-10,1,F456L,ORF1a:T3356I; ORF3a:G18V,47.775,513,33.259,1111,14.515,1
XBB.1.9.1,XBB.1.9,2023-01-09,1,S486P,,33.182,14817,8.7085,986,24.474,0
XBB.1.9.2,XBB.1.9,2023-02-03,1,S486P,,33.376,6967,8.7085,986,24.668,0
FL.1,XBB.1.9.1,2023-04-04,1,A701V,ORF1a:G993S,35.017,639,33.182,14817,1.8343,1
FL.7,XBB.1.9.1,2023-05-06,1,T51I,,37.23,432,33.182,14817,4.0471,1
FL.14,XBB.1.9.1,2023-05-23,1,V1122M,,39.424,718,33.182,14817,6.241,1
FL.15,XBB.1.9.1,2023-05-29,1,F456L,ORF1a:E637K,46.115,1359,33.182,14817,12.932,1
FL.16,XBB.1.9.1,2023-05-30,1,D215V,,42.503,524,33.182,14817,9.3201,1
FL.20,XBB.1.9.1,2023-06-29,2,Q52H; F456L,ORF1a:I2010V; ORF3a:L108F,54.641,544,33.182,14817,21.458,2
FL.24,XBB.1.9.1,2023-07-09,2,Q613H; A688V,ORF1b:I539V; ORF3a:N82S,47.562,420,33.182,14817,14.379,2
FL.1.5,FL.1,2023-06-06,1,F456L,ORF1b:K2557R,45.469,498,35.017,639,10.452,1
FL.1.5.1,FL.1.5,2023-06-06,1,K478R,ORF1b:S2198I,58.532,4724,45.469,498,13.063,0
FL.10.1,FL.10,2023-06-10,1,E554K,,48.456,1313,31.838,1335,16.618,1
EG.1,XBB.1.9.2,2023-02-19,1,Q613H,N:L219F,35.994,7614,33.376,6967,2.6183,1
EG.2,XBB.1.9.2,2023-04-04,1,K478R,,41.738,2159,33.376,6967,8.3618,0
HK.3,EG.5.1.1,2023-07-23,1,L455F,,77.369,2149,55.323,15781,22.046,1
HK.6,EG.5.1.1,2023-08-24,1,D253G,ORF1a:A1923T,60.487,646,55.323,15781,5.1639,1
EG.5.1.6,EG.5.1,2023-07-23,1,F157L,ORF1a:S1857L,59.101,1193,52.548,9915,6.5528,1
HV.1,EG.5.1.6,2023-08-02,1,L452R,,69.434,1645,59.101,1193,10.332,1
XBB.1.16.1,XBB.1.16,2023-03-22,1,T547I,,39.853,8686,40.14,25010,-0.28681,1
XBB.1.16.6,XBB.1.16,2023-05-07,1,F456L,,54.575,4935,40.14,25010,14.434,1
XBB.1.16.7,XBB.1.16,2023-05-25,1,T732I,ORF1a:Y1090H,42.283,502,40.14,25010,2.1428,1
XBB.1.16.8,XBB.1.16,2023-05-26,1,T732I,,43.519,600,40.14,25010,3.3787,1
XBB.1.16.9,XBB.1.16,2023-05-30,1,F456L,ORF1a:S2500F,50.803,652,40.14,25010,10.663,1
XBB.1.16.11,XBB.1.16,2023-06-14,1,P521T,,52.576,2717,40.14,25010,12.435,1
XBB.1.16.15,XBB.1.16,2023-07-13,2,K147N; P521S,,56.993,1255,40.14,25010,16.853,2
FU.2.1,FU.2,2023-06-20,1,E619Q,ORF1a:T2106N,48.024,870,44.171,1237,3.8529,1
HF.1,XBB.1.16.13,2023-07-14,1,K304N,,51.645,2161,39.88,415,11.764,1
XBB.1.22.1,XBB.1.22,2023-03-19,1,Y200C,,40.95,881,41.142,417,-0.19221,1
FY.2,XBB.1.22.1,2023-05-04,1,I197T,ORF1b:S997P,43.35,714,40.95,881,2.4,1
FY.5,XBB.1.22.1,2023-06-12,1,K478R,,47.425,708,40.95,881,6.4752,0
FY.2.1,FY.2,2023-07-23,1,A684V,ORF1a:T1874I,43.97,452,43.35,714,0.61973,1
FY.3.1,FY.3,2023-05-24,1,I210T,ORF1a:D1282Y; ORF1a:T1760I,47.898,1725,47.331,615,0.56681,1
XBB.2.3,XBB.2,2023-01-31,2,S486P; P521S,ORF1b:P959S; ORF1a:G2091S; ORF7a:A13V,38.729,5190,0.2068,1353,38.523,1
XBB.2.4,XBB.2,2023-02-03,1,S486P,,23.512,543,0.2068,1353,23.305,0
XBB.2.3.2,XBB.2.3,2023-03-24,1,G184V,ORF1a:R2159W,40.615,1983,38.729,5190,1.8859,1
XBB.2.3.3,XBB.2.3,2023-04-04,1,K182N,,41.949,1054,38.729,5190,3.2192,1
XBB.2.3.5,XBB.2.3,2023-04-12,1,K478N,,40.121,479,38.729,5190,1.3913,0
XBB.2.3.8,XBB.2.3,2023-05-01,1,K478R,ORF1a:A583V; ORF1a:L3829F,42.731,1877,38.729,5190,4.0019,0
XBB.2.3.11,XBB.2.3,2023-05-07,1,K478R,,44.757,833,38.729,5190,6.0278,0
