pango,R,seq_volume
BA.2,-45.225006103515625,1140224
BA.2.1,-45.129150390625,14224
BA.2.10,-52.354190826416016,56725
BA.2.10.1,-49.325843811035156,8166
BA.2.10.2,-43.49535369873047,1785
BA.2.11,-36.1848258972168,1026
BA.2.12,-33.23695373535156,269
BA.2.12.1,-26.944507598876953,253167
BA.2.12.2,-36.01664352416992,1374
BA.2.13,-29.284690856933594,4757
BA.2.13.1,-17.884817123413086,1164
BA.2.14,-38.87242889404297,1598
BA.2.15,-38.23128890991211,269
BA.2.16,-49.85079574584961,499
BA.2.17,-47.558494567871094,413
BA.2.18,-29.030471801757812,12350
BA.2.19,-52.51972579956055,581
BA.2.2,-41.679893493652344,8836
BA.2.2.1,-29.88871192932129,1094
BA.2.20,-42.400177001953125,1605
BA.2.21,-41.11153793334961,2112
BA.2.22,-44.425140380859375,7467
BA.2.23,-38.885093688964844,16310
BA.2.23.1,-34.89691925048828,1053
BA.2.24,-41.552581787109375,8613
BA.2.25,-45.4075813293457,738
BA.2.26,-47.26750564575195,1394
BA.2.27,-46.16377258300781,352
BA.2.29,-43.18631362915039,8971
BA.2.3,-45.74660873413086,101103
BA.2.3.1,-45.8360595703125,12047
BA.2.3.10,-42.17804718017578,840
BA.2.3.11,-45.65592575073242,2500
BA.2.3.12,-43.95844650268555,1326
BA.2.3.13,-45.199867248535156,6834
BA.2.3.14,-42.72465133666992,1158
BA.2.3.15,-42.6514892578125,1616
BA.2.3.16,-44.69697189331055,423
BA.2.3.17,-47.88733673095703,2090
BA.2.3.18,-42.347381591796875,717
BA.2.3.2,-42.979530334472656,2302
BA.2.3.20,20.05535888671875,4062
BA.2.3.4,-46.08891677856445,1040
BA.2.3.5,-45.548580169677734,380
BA.2.3.6,-38.164268493652344,1330
BA.2.3.7,-37.23200988769531,2156
BA.2.3.8,-45.33317947387695,286
BA.2.3.9,-42.85518264770508,798
BA.2.30,-41.109527587890625,298
BA.2.31,-44.4217643737793,2738
BA.2.31.1,-29.57155990600586,281
BA.2.32,-44.23561477661133,1452
BA.2.33,-50.65011215209961,644
BA.2.34,-44.3267936706543,464
BA.2.35,-28.368772506713867,510
BA.2.36,-32.98141098022461,9919
BA.2.37,-46.802146911621094,6363
BA.2.38,-27.267051696777344,5803
BA.2.38.1,-4.924579620361328,920
BA.2.38.2,-3.742760419845581,524
BA.2.38.3,-12.609164237976074,242
BA.2.38.4,-13.495017051696777,302
BA.2.39,-38.92237091064453,688
BA.2.4,-47.35610580444336,470
BA.2.40,-51.01890182495117,1031
BA.2.40.1,-26.391815185546875,2578
BA.2.41,-35.14971923828125,1517
BA.2.42,-31.019977569580078,1328
BA.2.43,-33.40806579589844,524
BA.2.44,-28.72064781188965,1006
BA.2.45,-39.939208984375,1056
BA.2.47,-35.61014175415039,1258
BA.2.48,-29.99799346923828,2200
BA.2.49,-40.5877799987793,1415
BA.2.5,-44.85408020019531,3495
BA.2.50,-33.72336959838867,770
BA.2.51,-44.45463562011719,548
BA.2.52,-24.708091735839844,1453
BA.2.53,-29.31167984008789,577
BA.2.54,-27.543733596801758,1054
BA.2.55,-30.804597854614258,265
BA.2.56,-26.185047149658203,6412
BA.2.57,-42.57947540283203,542
BA.2.58,-40.59663772583008,439
BA.2.59,-34.5621452331543,354
BA.2.6,-44.23756408691406,2829
BA.2.60,-41.280277252197266,221
BA.2.61,-23.04513168334961,486
BA.2.62,-41.7747917175293,680
BA.2.63,-41.14165115356445,244
BA.2.64,-44.176822662353516,621
BA.2.65,-39.034385681152344,4653
BA.2.66,-41.57857131958008,367
BA.2.67,-42.442726135253906,332
BA.2.68,-44.77229309082031,1528
BA.2.7,-49.6363639831543,4389
BA.2.70,-33.86408996582031,452
BA.2.71,-27.69457244873047,785
BA.2.72,-33.805816650390625,987
BA.2.73,-40.15302658081055,617
BA.2.74,-13.55270767211914,1524
BA.2.75,1.9318894147872925,2849
BA.2.75.1,8.477316856384277,2231
BA.2.75.10,3.170513391494751,260
BA.2.75.2,15.487994194030762,4627
BA.2.75.3,4.146358013153076,908
BA.2.75.4,12.730816841125488,242
BA.2.75.5,14.453642845153809,1754
BA.2.76,-9.315302848815918,4986
BA.2.78,-25.776582717895508,230
BA.2.79,-12.908952713012695,227
BA.2.8,-42.794898986816406,6896
BA.2.81,-24.274906158447266,610
BA.2.85,-37.8656005859375,380
BA.2.9,-44.68006134033203,200406
BA.2.9.1,-33.38157272338867,814
BA.2.9.2,-50.07966995239258,1024
BA.2.9.3,-30.30141830444336,3797
BA.2.9.4,-33.7953987121582,738
BA.2.9.5,-43.0207405090332,2272
BA.2.9.6,-27.617589950561523,463
BA.2.9.7,-28.691537857055664,1723
BA.4,-7.951699733734131,30168
BA.4.1,-7.921611309051514,59768
BA.4.1.1,-10.126280784606934,2644
BA.4.1.10,13.133044242858887,335
BA.4.1.2,-29.678756713867188,247
BA.4.1.3,-3.6874191761016846,427
BA.4.1.4,-5.622970104217529,888
BA.4.1.5,-2.0882582664489746,597
BA.4.1.6,-9.585295677185059,1474
BA.4.1.7,-19.019729614257812,348
BA.4.1.8,8.474160194396973,2020
BA.4.1.9,9.10433578491211,499
BA.4.2,-7.206366062164307,4688
BA.4.3,-8.124591827392578,3120
BA.4.4,-7.406088352203369,7451
BA.4.5,-8.003100395202637,1000
BA.4.6,8.55565357208252,49863
BA.4.6.1,12.110291481018066,998
BA.4.6.2,14.235039710998535,297
BA.4.6.3,26.466012954711914,456
BA.4.6.4,8.601033210754395,1424
BA.4.6.5,8.186565399169922,4019
BA.4.7,6.25927209854126,1650
BA.5,3.730870008468628,18460
BA.5.1,2.1709656715393066,210986
BA.5.1.1,0.3940127491950989,12737
BA.5.1.10,6.23154878616333,11897
BA.5.1.11,-2.2111520767211914,553
BA.5.1.12,14.023918151855469,2601
BA.5.1.15,1.5208781957626343,2110
BA.5.1.16,-6.488525390625,1595
BA.5.1.17,1.20316481590271,1814
BA.5.1.18,15.801665306091309,2237
BA.5.1.19,5.919764518737793,609
BA.5.1.2,4.197439670562744,7605
BA.5.1.20,8.993026733398438,222
BA.5.1.21,3.2431139945983887,1241
BA.5.1.22,2.3831331729888916,16817
BA.5.1.23,2.8050453662872314,15075
BA.5.1.24,1.2270922660827637,6805
BA.5.1.25,3.6918232440948486,4805
BA.5.1.26,19.003332138061523,828
BA.5.1.27,21.72563362121582,2258
BA.5.1.28,16.560691833496094,634
BA.5.1.3,1.7306495904922485,10434
BA.5.1.30,3.8683438301086426,17502
BA.5.1.33,17.68885040283203,1128
BA.5.1.34,30.463781356811523,1399
BA.5.1.35,0.8427993059158325,1725
BA.5.1.4,-1.5338056087493896,1271
BA.5.1.5,11.542289733886719,8496
BA.5.1.6,4.432109832763672,3854
BA.5.1.7,4.988849639892578,2235
BA.5.1.8,-0.29050880670547485,3404
BA.5.1.9,0.6218414902687073,775
BA.5.10.1,8.09131145477295,1546
BA.5.11,31.138534545898438,2817
BA.5.2,6.133763790130615,259735
BA.5.2.1,4.894539833068848,265878
BA.5.2.10,0.11935380101203918,364
BA.5.2.12,3.825791835784912,5162
BA.5.2.13,19.521709442138672,3287
BA.5.2.14,17.87871551513672,634
BA.5.2.16,4.774322509765625,1685
BA.5.2.19,6.8504204750061035,2232
BA.5.2.2,-0.3480360805988312,3672
BA.5.2.20,8.246970176696777,22407
BA.5.2.21,6.348836421966553,10190
BA.5.2.22,6.105340003967285,4528
BA.5.2.23,18.257335662841797,2053
BA.5.2.24,12.345948219299316,1197
BA.5.2.25,17.567604064941406,1101
BA.5.2.26,6.502964496612549,4409
BA.5.2.27,8.375077247619629,3402
BA.5.2.28,5.951148509979248,3631
BA.5.2.29,10.631780624389648,372
BA.5.2.3,5.302215576171875,7962
BA.5.2.30,11.372307777404785,294
BA.5.2.31,8.909598350524902,1483
BA.5.2.32,18.581356048583984,425
BA.5.2.33,9.508037567138672,1565
BA.5.2.34,20.617900848388672,4634
BA.5.2.35,22.260066986083984,3482
BA.5.2.36,18.143360137939453,597
BA.5.2.37,11.189456939697266,301
BA.5.2.4,1.7228820323944092,766
BA.5.2.43,26.620595932006836,1528
BA.5.2.44,8.28246784210205,1053
BA.5.2.47,20.801109313964844,1458
BA.5.2.48,27.718172073364258,2178
BA.5.2.49,19.292316436767578,244
BA.5.2.50,24.551929473876953,203
BA.5.2.52,20.076374053955078,503
BA.5.2.53,13.04076862335205,611
BA.5.2.54,19.37716293334961,221
BA.5.2.55,8.442440032958984,1575
BA.5.2.56,14.872171401977539,480
BA.5.2.57,18.284927368164062,1887
BA.5.2.58,18.329097747802734,852
BA.5.2.59,15.759651184082031,479
BA.5.2.6,20.054872512817383,16571
BA.5.2.60,21.59752082824707,328
BA.5.2.62,12.406852722167969,654
BA.5.2.7,13.295836448669434,2378
BA.5.2.8,6.454309940338135,1401
BA.5.2.9,7.04643440246582,15373
BA.5.3,-14.739046096801758,3549
BA.5.3.1,6.021131992340088,5604
BA.5.3.2,-15.578803062438965,2297
BA.5.3.3,0.736899197101593,2323
BA.5.3.4,-13.179581642150879,846
BA.5.3.5,24.93323516845703,592
BA.5.5,-3.546003580093384,54292
BA.5.5.1,11.10081958770752,3215
BA.5.5.2,1.3806685209274292,1099
BA.5.5.3,2.7205779552459717,627
BA.5.6,0.6013056039810181,37717
BA.5.6.1,4.498387813568115,1514
BA.5.6.2,7.670793533325195,1141
BA.5.6.3,15.067275047302246,219
BA.5.7,6.418925762176514,1125
BA.5.8,-2.831132650375366,5754
BA.5.9,10.602336883544922,7402
BE.1,0.10595005750656128,26137
BE.1.1,0.839950442314148,54443
BE.1.1.1,12.722307205200195,1986
BE.1.1.2,6.160123825073242,5747
BE.1.2,12.502334594726562,1276
BE.1.2.1,20.896747589111328,1951
BE.1.3,-0.8920405507087708,947
BE.1.4,2.0625061988830566,2763
BE.1.4.1,4.77414608001709,374
BE.1.4.2,19.825748443603516,441
BE.10,26.840667724609375,1935
BE.11,0.7404912710189819,1822
BE.12,-4.470278263092041,423
BE.2,-1.0203708410263062,2085
BE.3,-0.9036486744880676,8783
BE.4,3.3067238330841064,2534
BE.4.1,17.554662704467773,665
BE.4.1.1,22.002113342285156,209
BE.4.2,26.186199188232422,443
BE.6,20.5300350189209,312
BE.7,24.581296920776367,568
BE.8,23.498422622680664,298
BE.9,29.489242553710938,3659
BF.1,-5.424476623535156,10638
BF.1.1,-16.726285934448242,403
BF.10,5.246540069580078,21908
BF.11,18.2923526763916,8666
BF.11.1,16.504568099975586,1032
BF.11.2,28.277265548706055,883
BF.11.3,19.299579620361328,603
BF.11.4,19.03342056274414,411
BF.11.5,20.103771209716797,652
BF.12,2.3906824588775635,990
BF.13,12.823487281799316,2467
BF.14,16.299715042114258,6783
BF.15,8.193778991699219,702
BF.16,9.603222846984863,589
BF.17,2.5516860485076904,628
BF.18,2.8177504539489746,1050
BF.2,4.514132976531982,2340
BF.20,-1.8584390878677368,206
BF.21,2.302050828933716,10275
BF.22,3.3329524993896484,1610
BF.23,2.551607608795166,300
BF.24,1.6003903150558472,753
BF.25,13.855772972106934,1184
BF.26,9.117642402648926,9527
BF.27,3.393944501876831,6769
BF.28,2.0756537914276123,10052
BF.29,9.344147682189941,315
BF.3,-0.00636535556986928,567
BF.3.1,2.3718512058258057,1317
BF.31,5.991551399230957,819
BF.31.1,18.628694534301758,615
BF.32,18.53343391418457,638
BF.36,3.1028385162353516,2084
BF.37,16.255413055419922,357
BF.38,6.199981212615967,1584
BF.38.1,16.23201560974121,237
BF.39,6.707021713256836,1856
BF.4,2.8965954780578613,3850
BF.40,7.547023296356201,443
BF.41,2.8620173931121826,662
BF.41.1,20.808002471923828,221
BF.5,8.537576675415039,82804
BF.5.2,19.65157699584961,209
BF.5.4,10.438088417053223,2109
BF.5.5,10.372791290283203,300
BF.6,3.7161660194396973,1645
BF.7,17.88107681274414,45581
BF.7.1,17.619644165039062,605
BF.7.10,20.231496810913086,313
BF.7.12,19.959884643554688,298
BF.7.13.2,21.243253707885742,215
BF.7.14,31.047805786132812,5043
BF.7.14.1,30.37108039855957,583
BF.7.14.4,29.922380447387695,443
BF.7.14.5,31.910600662231445,555
BF.7.14.6,30.908632278442383,262
BF.7.15,30.19207000732422,4018
BF.7.16,15.508383750915527,371
BF.7.18,23.08428955078125,267
BF.7.19,19.341697692871094,918
BF.7.19.1,24.451318740844727,1040
BF.7.2,17.60886001586914,203
BF.7.20,17.36791229248047,2382
BF.7.21,17.628562927246094,1852
BF.7.22,20.302370071411133,1474
BF.7.23,19.90799903869629,1259
BF.7.24,18.1639404296875,1389
BF.7.26,17.203340530395508,898
BF.7.27,16.185447692871094,491
BF.7.3,21.501237869262695,372
BF.7.4,17.782224655151367,5417
BF.7.4.1,23.853775024414062,7287
BF.7.4.2,15.42638874053955,760
BF.7.4.3,26.34733009338379,441
BF.7.5,19.25469970703125,5429
BF.7.5.1,21.4780216217041,376
BF.7.6,17.67554473876953,3227
BF.7.7,19.82227897644043,976
BF.7.8,17.86309814453125,668
BF.8,1.1592024564743042,5203
BF.9,-0.1430092751979828,3674
BG.1,-29.668079376220703,298
BG.2,-24.92681884765625,9504
BG.4,-25.770896911621094,715
BG.5,-21.82929801940918,1860
BH.1,7.654082775115967,294
BK.1,7.253323554992676,1861
BL.1,15.058123588562012,1907
BL.2,14.33390998840332,517
BL.4,7.151442050933838,250
BL.6,22.230329513549805,248
BM.1.1,15.507875442504883,837
BM.1.1.1,13.241242408752441,260
BM.1.1.3,17.832834243774414,2349
BM.4.1.1,16.77623748779297,781
BN.1,28.357067108154297,5397
BN.1.1,27.4804744720459,883
BN.1.1.1,31.494836807250977,759
BN.1.10,32.01165008544922,700
BN.1.11,28.31515121459961,221
BN.1.2,31.811229705810547,8797
BN.1.2.1,32.0538444519043,1196
BN.1.2.2,29.93182945251465,2140
BN.1.2.3,33.44340896606445,1924
BN.1.2.4,30.035343170166016,539
BN.1.2.5,34.92506408691406,1289
BN.1.2.6,35.411258697509766,399
BN.1.3,29.6799259185791,13612
BN.1.3.1,31.213024139404297,4706
BN.1.3.12,32.518009185791016,767
BN.1.3.2,34.66899490356445,696
BN.1.3.3,26.680265426635742,287
BN.1.3.5,30.843950271606445,1939
BN.1.3.6,26.32162857055664,1381
BN.1.3.7,30.0642147064209,912
BN.1.4,29.485166549682617,1880
BN.1.4.2,39.87760543823242,325
BN.1.4.3,31.482620239257812,740
BN.1.4.4,31.97943115234375,1048
BN.1.4.5,27.338579177856445,217
BN.1.5,28.167694091796875,3233
BN.1.7,33.52264404296875,878
BN.1.9,26.144615173339844,873
BN.3.1,31.542795181274414,1465
BN.5,13.426013946533203,321
BN.6,14.828210830688477,297
BQ.1,26.46221923828125,43923
BQ.1.1,30.062658309936523,146832
BQ.1.1.1,29.43416404724121,4457
BQ.1.1.10,34.87662887573242,3039
BQ.1.1.11,29.492094039916992,916
BQ.1.1.13,35.982749938964844,2004
BQ.1.1.15,31.25791358947754,2862
BQ.1.1.17,26.54194450378418,722
BQ.1.1.18,30.41483497619629,9486
BQ.1.1.19,27.766517639160156,618
BQ.1.1.2,35.126548767089844,1812
BQ.1.1.20,34.97101974487305,4486
BQ.1.1.22,34.15797424316406,2202
BQ.1.1.23,34.351722717285156,2580
BQ.1.1.24,32.562625885009766,1194
BQ.1.1.26,34.444095611572266,251
BQ.1.1.27,29.023042678833008,462
BQ.1.1.28,32.25752639770508,1017
BQ.1.1.29,36.66786193847656,697
BQ.1.1.3,29.508384704589844,6093
BQ.1.1.30,33.491737365722656,202
BQ.1.1.31,33.49143981933594,1427
BQ.1.1.32,37.6312255859375,2913
BQ.1.1.35,38.73481750488281,1040
BQ.1.1.36,34.993099212646484,772
BQ.1.1.37,42.762786865234375,437
BQ.1.1.38,37.30888366699219,263
BQ.1.1.39,42.455223083496094,287
BQ.1.1.4,29.331981658935547,9612
BQ.1.1.40,31.249134063720703,1955
BQ.1.1.41,34.066192626953125,1990
BQ.1.1.42,36.9716796875,748
BQ.1.1.43,38.35844039916992,410
BQ.1.1.44,35.00017547607422,610
BQ.1.1.45,46.10831069946289,2385
BQ.1.1.46,39.34626770019531,526
BQ.1.1.47,38.43760299682617,935
BQ.1.1.48,42.874900817871094,240
BQ.1.1.5,29.183759689331055,5242
BQ.1.1.51,31.774255752563477,1523
BQ.1.1.52,31.31004524230957,1245
BQ.1.1.53,36.46477127075195,501
BQ.1.1.54,35.353492736816406,444
BQ.1.1.55,34.28105926513672,378
BQ.1.1.56,31.610803604125977,399
BQ.1.1.57,31.757301330566406,476
BQ.1.1.58,38.49351119995117,462
BQ.1.1.6,29.579580307006836,1589
BQ.1.1.60,29.790977478027344,569
BQ.1.1.63,44.603397369384766,583
BQ.1.1.65,43.0024299621582,598
BQ.1.1.66,36.56171417236328,352
BQ.1.1.67,29.15409278869629,1369
BQ.1.1.68,29.586774826049805,1626
BQ.1.1.69,30.763689041137695,3446
BQ.1.1.7,28.12613868713379,3920
BQ.1.1.70,20.62401580810547,1836
BQ.1.1.72,33.01225662231445,581
BQ.1.1.76,31.448810577392578,828
BQ.1.1.77,39.55278778076172,360
BQ.1.1.78,27.30430793762207,631
BQ.1.1.79,45.451171875,379
BQ.1.1.8,30.784610748291016,239
BQ.1.10,28.704923629760742,6176
BQ.1.10.1,28.903541564941406,1911
BQ.1.10.2,33.10306930541992,326
BQ.1.10.3,30.186086654663086,669
BQ.1.11,26.66112518310547,4980
BQ.1.12,26.68146324157715,6413
BQ.1.13,26.055482864379883,3004
BQ.1.13.1,37.931427001953125,3049
BQ.1.14,25.770395278930664,5642
BQ.1.15,24.95438003540039,1412
BQ.1.16,20.021747589111328,628
BQ.1.18,32.9797248840332,3731
BQ.1.2,28.304338455200195,8996
BQ.1.2.1,30.009403228759766,1412
BQ.1.2.3,24.993791580200195,2798
BQ.1.21,32.214908599853516,566
BQ.1.22,33.99494171142578,895
BQ.1.23,28.72331428527832,5100
BQ.1.24,37.348480224609375,959
BQ.1.25,34.03299331665039,523
BQ.1.25.1,35.22805404663086,3146
BQ.1.26,29.404325485229492,322
BQ.1.26.1,27.925430297851562,361
BQ.1.27,31.037410736083984,201
BQ.1.28,35.776126861572266,903
BQ.1.3.1,27.43680191040039,2201
BQ.1.3.2,26.386228561401367,4944
BQ.1.30,32.058963775634766,324
BQ.1.31,32.886714935302734,368
BQ.1.32,28.57184410095215,1731
BQ.1.4,25.405315399169922,422
BQ.1.5,25.86163330078125,5801
BQ.1.6,22.15034294128418,1045
BQ.1.8,27.141141891479492,5634
BQ.1.8.2,26.936372756958008,836
BQ.1.9,34.11790466308594,229
BR.1,19.802541732788086,692
BR.1.2,25.243913650512695,261
BR.2.1,34.80733108520508,6703
BR.3,22.29579734802246,418
BR.5.1,30.6143741607666,452
BS.1.1,16.77033805847168,438
BT.1,4.573616027832031,415
BT.2,11.312006950378418,645
BU.1,24.600154876708984,1026
BU.3,22.266956329345703,392
BV.1,10.339567184448242,226
BW.1,23.2175350189209,745
BW.1.1,31.336814880371094,1104
BW.1.1.1,31.52376365661621,500
BW.1.1.2,36.460227966308594,267
BY.1,17.375680923461914,1209
CA.1,16.776994705200195,361
CA.3,14.726136207580566,215
CA.3.1,33.794776916503906,392
CA.5,20.255464553833008,215
CA.7,29.80790138244629,700
CB.1,19.3409366607666,354
CC.1,14.623308181762695,244
CE.1,15.492961883544922,354
CG.1,12.945996284484863,589
CH.1.1,40.10123825073242,17584
CH.1.1.1,44.769371032714844,5430
CH.1.1.10,41.8067512512207,785
CH.1.1.11,40.68675994873047,1403
CH.1.1.12,51.439083099365234,621
CH.1.1.13,39.42463684082031,272
CH.1.1.14,45.44169235229492,241
CH.1.1.15,49.220458984375,493
CH.1.1.16,53.786285400390625,348
CH.1.1.18,42.080440521240234,218
CH.1.1.19,40.24506378173828,717
CH.1.1.2,42.834800720214844,2098
CH.1.1.24,40.267154693603516,1134
CH.1.1.25,36.408592224121094,883
CH.1.1.26,28.472139358520508,716
CH.1.1.27,36.975830078125,366
CH.1.1.28,41.25397491455078,438
CH.1.1.3,39.03657531738281,711
CH.1.1.5,41.24397659301758,587
CH.1.1.6,45.21727752685547,479
CH.1.1.7,37.89546585083008,1256
CH.1.1.8,43.662593841552734,317
CH.1.1.9,39.333011627197266,293
CJ.1.2,31.239961624145508,720
CJ.1.3,40.820762634277344,1233
CK.1,28.813793182373047,1555
CK.1.1,43.06540298461914,361
CK.1.3,38.11907958984375,275
CK.1.4,35.6151237487793,777
CK.1.5,31.120460510253906,461
CK.2.1,27.18252944946289,565
CK.2.1.1,24.692703247070312,1886
CK.3,27.111892700195312,601
CL.1,28.298391342163086,2543
CL.1.1,27.17243003845215,565
CL.1.2,28.794923782348633,326
CL.1.3,30.37745475769043,254
CM.10,42.745174407958984,252
CM.12,32.447120666503906,497
CM.2,20.02935791015625,1101
CM.3,23.38425064086914,201
CM.4,19.76361083984375,459
CM.5,19.163339614868164,270
CM.8.1,35.620941162109375,1016
CN.1,20.60896110534668,773
CN.2,20.973730087280273,518
CP.1,19.687898635864258,888
CP.7,28.72675323486328,306
CP.8,21.51557159423828,591
CQ.1.1,24.02124786376953,513
CQ.2,26.71690559387207,1527
CR.1,26.8023738861084,659
CR.1.1,26.29456901550293,850
CV.1,28.059328079223633,564
CY.2,18.79861831665039,294
CZ.2,30.245044708251953,468
DB.1,32.90176773071289,578
DC.1,17.792091369628906,232
DE.1,1.0315592288970947,445
DF.1,23.717830657958984,979
DF.1.1,31.952558517456055,628
DG.1,27.10297203063965,270
DJ.1.1.1,26.879329681396484,927
DL.1,23.921396255493164,1995
DN.1,37.75270080566406,509
DN.1.1,36.82990646362305,562
DN.2,28.189807891845703,2315
DP.1,29.023609161376953,2203
DQ.1,26.271156311035156,438
DR.1,35.6154670715332,358
DR.2,32.878997802734375,417
DS.2,37.78787612915039,508
DS.3,33.357391357421875,740
DT.2,42.0997314453125,1069
DU.1,41.41082000732422,1520
DV.1.1,54.247379302978516,1209
DV.3,40.00818634033203,437
DV.5,56.761783599853516,214
DV.6,45.68586349487305,3586
DV.6.2,66.86764526367188,320
DV.7,62.18581008911133,233
DV.7.1,87.9111557006836,449
DV.8,58.038578033447266,309
DY.1,28.453807830810547,1823
DY.2,30.025346755981445,4517
DY.3,27.361167907714844,1791
DY.4,28.846485137939453,3111
DZ.1,23.16872215270996,565
DZ.2,23.776254653930664,213
EA.1,44.77787780761719,397
EB.1,23.512535095214844,241
EC.1,35.883460998535156,212
ED.1,24.508304595947266,3453
ED.2,31.33466339111328,915
EE.1,30.31289291381836,875
EE.2,30.5498046875,897
EE.3,30.31388282775879,665
EE.4,36.108970642089844,201
EE.5,31.533058166503906,463
EF.1,37.57184982299805,2505
EF.1.1,35.71665573120117,2217
EF.1.1.1,43.16108322143555,288
EF.1.2,36.1244010925293,517
EF.1.3,35.605106353759766,268
EF.2,37.016666412353516,664
EG.1,64.30497741699219,7101
EG.1.2,59.64105224609375,1180
EG.1.3,62.19940185546875,1158
EG.1.4,61.97351837158203,1070
EG.1.5,68.71685791015625,235
EG.1.6,64.25080108642578,1957
EG.2,71.60106658935547,2234
EG.4,60.797821044921875,1243
EG.5.1,81.98747253417969,5661
EG.5.1.1,85.40681457519531,9426
EG.5.1.2,75.58165740966797,271
EG.5.1.3,89.26842498779297,2241
EG.5.1.4,84.67694854736328,994
EG.5.1.6,89.60372924804688,428
EG.5.2,69.99752044677734,822
EG.5.2.1,76.96932983398438,201
EG.6.1,77.2528305053711,1429
EJ.2,31.086082458496094,1075
EJ.3,33.160919189453125,241
EK.2,53.85674285888672,392
EK.3,53.425804138183594,231
EL.1,55.455833435058594,1186
EM.1,51.136573791503906,362
EN.1,46.41801452636719,606
EQ.1,21.777725219726562,266
ES.1,44.386451721191406,273
ET.1,43.28584289550781,238
EU.1.1,63.382694244384766,1768
EU.1.1.1,63.42342758178711,580
EW.1,38.667789459228516,282
EW.2,36.94977951049805,238
EY.1,51.64559555053711,359
EZ.1,50.623497009277344,305
FD.1.1,65.27570343017578,1761
FD.2,54.5378532409668,2584
FD.3,56.3841667175293,223
FD.4,55.91471481323242,935
FD.4.1,52.16044998168945,320
FE.1,66.1781234741211,324
FE.1.1,69.76411437988281,1134
FE.1.1.1,67.42193603515625,266
FE.1.2,68.53588104248047,1353
FG.2,55.4509162902832,297
FG.3,56.759849548339844,209
FH.1,57.43706512451172,326
FK.1,58.070674896240234,324
FK.1.1,67.34054565429688,1350
FK.1.1.2,67.48532104492188,781
FK.1.2.1,60.041046142578125,244
FK.1.3.2,71.80496215820312,450
FK.1.5,66.86090087890625,279
FL.1,63.15370178222656,606
FL.1.2,62.742515563964844,245
FL.1.3,65.26923370361328,540
FL.1.5,73.9144287109375,372
FL.1.5.1,88.5818862915039,1931
FL.10,60.41587448120117,1336
FL.10.1,78.57524871826172,956
FL.11,62.732879638671875,355
FL.12,59.47038269042969,981
FL.13,59.68141555786133,1234
FL.13.1,60.81283950805664,220
FL.13.3.1,62.48330307006836,257
FL.14,68.04779815673828,661
FL.15,74.19902038574219,995
FL.16,70.72956085205078,474
FL.17,55.381900787353516,283
FL.18,64.39865112304688,986
FL.19,63.23509216308594,512
FL.2,61.95842361450195,3599
FL.2.1,61.35858154296875,638
FL.2.3,70.16429901123047,1838
FL.2.4,67.29122161865234,441
FL.20,84.37879180908203,294
FL.22,64.2257080078125,412
FL.24,74.84368896484375,271
FL.25,70.3337173461914,270
FL.26,60.04393768310547,214
FL.27,58.363243103027344,720
FL.29,64.11119079589844,238
FL.3,59.44435119628906,2043
FL.3.1,60.93836212158203,1143
FL.3.2,60.40692901611328,785
FL.3.3,58.0696907043457,312
FL.4,63.38642883300781,6993
FL.4.2,67.47218322753906,246
FL.4.5,63.69900131225586,824
FL.4.6,64.79743194580078,684
FL.5,60.6865234375,2794
FL.7,65.66505432128906,405
FL.8,59.21235275268555,1037
FL.9,61.71475601196289,259
FM.1,47.24063491821289,214
FM.2,49.508155822753906,246
FP.1,58.31254959106445,392
FP.4,60.22521209716797,280
FR.1,51.41989517211914,642
FR.1.1,67.63331604003906,415
FR.2,38.22971725463867,670
FS.1,58.66779327392578,292
FT.1,49.56835174560547,385
FU.1,70.65682220458984,4655
FU.2,71.83004760742188,911
FU.2.1,76.89981842041016,550
FU.3,64.0045394897461,251
FV.1,63.39672088623047,204
FY.1.2,73.2798843383789,279
FY.2,72.6600112915039,562
FY.2.1,72.77458953857422,360
FY.3,76.83332061767578,1610
FY.3.1,76.93447875976562,1487
FY.4.1,73.45328521728516,269
FY.5,76.28836059570312,492
FY.6,65.50591278076172,258
GA.2,57.46036148071289,227
GB.1,65.47502136230469,691
GD.1,67.78803253173828,230
GE.1,78.97510528564453,1145
GF.1,67.89117431640625,1158
GH.1,56.10881805419922,280
GJ.1.1,72.5582046508789,340
GJ.1.2,77.42451477050781,2237
GJ.3,69.13243103027344,301
GK.1,78.3134765625,422
GK.1.1,91.06190490722656,461
GK.2,85.65243530273438,522
GN.1,75.81167602539062,280
GP.2,44.84070587158203,710
GP.3,43.09841537475586,358
GR.1,64.31278991699219,871
GS.1,72.60517883300781,297
GU.1,60.78836441040039,287
GV.1,67.26712799072266,256
GW.1,67.5079116821289,284
GY.1,74.55504608154297,274
GY.5,70.38956451416016,794
GY.6,69.38621520996094,333
HE.1,67.40481567382812,201
HF.1,79.50350952148438,1337
HH.1,69.63383483886719,1813
HH.2,72.39872741699219,349
HK.3,110.46636962890625,558
HT.1,61.500667572021484,282
HT.2,60.721839904785156,482
HV.1,99.73927307128906,334
HW.1,72.29762268066406,461
HZ.1,72.95530700683594,269
HZ.2,67.74144744873047,259
HZ.3,60.955326080322266,201
XAB,-39.48884963989258,224
XAC,-35.78028869628906,429
XAF,-33.79603576660156,302
XAM,-30.31275177001953,516
XAN,-0.37489965558052063,210
XAP,-39.052093505859375,737
XAR,-35.33718490600586,439
XAS,2.4276723861694336,457
XAU,-31.61937141418457,221
XAY.1.1.1,49.34580612182617,201
XAY.2,32.8608512878418,309
XAZ,3.396075487136841,2459
XBB,27.005840301513672,1709
XBB.1,29.13458251953125,17800
XBB.1.1,26.428251266479492,1014
XBB.1.11.1,55.93989944458008,391
XBB.1.15,35.11893844604492,4076
XBB.1.16,68.68939971923828,22655
XBB.1.16.1,68.5137710571289,7872
XBB.1.16.10,67.63479614257812,467
XBB.1.16.11,80.44475555419922,1361
XBB.1.16.12,73.92366790771484,296
XBB.1.16.13,67.74376678466797,354
XBB.1.16.15,86.80052185058594,494
XBB.1.16.18,69.5552978515625,641
XBB.1.16.19,71.4491958618164,770
XBB.1.16.2,67.80187225341797,2138
XBB.1.16.20,69.16580200195312,277
XBB.1.16.21,71.60514831542969,464
XBB.1.16.22,65.33638000488281,354
XBB.1.16.3,66.09677124023438,534
XBB.1.16.4,64.3259048461914,349
XBB.1.16.5,69.2614517211914,382
XBB.1.16.6,83.38734436035156,2362
XBB.1.16.7,70.37850952148438,413
XBB.1.16.8,71.34941101074219,478
XBB.1.16.9,80.21967315673828,373
XBB.1.17.1,59.482662200927734,1060
XBB.1.18,40.314823150634766,360
XBB.1.18.1,57.55302429199219,1239
XBB.1.19.1,59.880340576171875,518
XBB.1.22,68.09454345703125,319
XBB.1.22.1,68.1824951171875,732
XBB.1.22.2,63.18153381347656,587
XBB.1.24.1,63.85072326660156,213
XBB.1.33,66.07109069824219,339
XBB.1.37.1,59.65143966674805,293
XBB.1.4,33.031524658203125,524
XBB.1.4.1,31.50531768798828,1470
XBB.1.42,69.90434265136719,379
XBB.1.42.2,75.0455093383789,1104
XBB.1.43.1,57.79067611694336,201
XBB.1.45.1,54.9286994934082,201
XBB.1.5,53.475711822509766,158310
XBB.1.5.1,57.4366455078125,3246
XBB.1.5.10,65.36109161376953,1801
XBB.1.5.100,58.94625473022461,564
XBB.1.5.11,50.29706954956055,1466
XBB.1.5.12,56.99597930908203,2298
XBB.1.5.13,54.008323669433594,6377
XBB.1.5.14,52.6473503112793,920
XBB.1.5.15,54.226959228515625,4516
XBB.1.5.16,53.11177444458008,2069
XBB.1.5.17,53.486793518066406,3033
XBB.1.5.18,54.078128814697266,2191
XBB.1.5.19,49.453914642333984,1332
XBB.1.5.2,55.48653793334961,964
XBB.1.5.20,54.28160858154297,2775
XBB.1.5.21,53.43962478637695,1627
XBB.1.5.22,48.53228759765625,314
XBB.1.5.23,56.42875289916992,1047
XBB.1.5.24,56.4875373840332,3222
XBB.1.5.25,53.881431579589844,659
XBB.1.5.26,55.60688018798828,237
XBB.1.5.27,60.104087829589844,297
XBB.1.5.28,62.85108184814453,643
XBB.1.5.3,55.15995788574219,492
XBB.1.5.30,58.60602569580078,789
XBB.1.5.31,52.23331832885742,2065
XBB.1.5.32,53.69679641723633,2692
XBB.1.5.33,51.5748176574707,2009
XBB.1.5.34,50.33603286743164,631
XBB.1.5.35,57.35067367553711,1289
XBB.1.5.36,53.48325729370117,580
XBB.1.5.37,61.91028594970703,3474
XBB.1.5.38,55.58381652832031,513
XBB.1.5.39,50.97647476196289,1015
XBB.1.5.4,58.18035888671875,1987
XBB.1.5.43,56.5701904296875,350
XBB.1.5.44,69.42842864990234,268
XBB.1.5.46,55.0148811340332,1619
XBB.1.5.47,55.69533157348633,690
XBB.1.5.48,52.90795135498047,2044
XBB.1.5.49,59.024742126464844,3065
XBB.1.5.5,57.6218147277832,1018
XBB.1.5.50,57.43077087402344,587
XBB.1.5.51,54.53938674926758,1525
XBB.1.5.52,54.55562210083008,1602
XBB.1.5.55,52.880489349365234,448
XBB.1.5.56,56.239688873291016,537
XBB.1.5.57,55.6552734375,504
XBB.1.5.59,68.62825775146484,642
XBB.1.5.6,51.26164627075195,279
XBB.1.5.60,55.52385711669922,337
XBB.1.5.61,53.961917877197266,636
XBB.1.5.62,55.11813735961914,965
XBB.1.5.63,54.43003845214844,1367
XBB.1.5.64,54.26810836791992,289
XBB.1.5.65,56.59782791137695,1457
XBB.1.5.66,55.22282028198242,1219
XBB.1.5.67,52.74522018432617,1591
XBB.1.5.69,57.322837829589844,571
XBB.1.5.7,52.81648635864258,6250
XBB.1.5.70,73.9166488647461,384
XBB.1.5.71,66.7718276977539,379
XBB.1.5.72,76.17373657226562,1124
XBB.1.5.73,61.741085052490234,1074
XBB.1.5.75,56.53111267089844,494
XBB.1.5.76,58.669185638427734,1065
XBB.1.5.77,58.35772705078125,1908
XBB.1.5.78,57.54927062988281,483
XBB.1.5.79,52.11148452758789,394
XBB.1.5.8,49.94829177856445,326
XBB.1.5.80,55.70734786987305,541
XBB.1.5.86,58.98154067993164,811
XBB.1.5.88,56.28731155395508,233
XBB.1.5.9,48.87194061279297,872
XBB.1.5.90,58.745357513427734,346
XBB.1.5.91,56.96510696411133,648
XBB.1.5.92,58.715660095214844,275
XBB.1.5.94,58.4045295715332,371
XBB.1.5.95,54.71584701538086,1345
XBB.1.5.96,54.493831634521484,657
XBB.1.5.97,59.7271842956543,409
XBB.1.5.99,52.942848205566406,437
XBB.1.9,36.59800338745117,999
XBB.1.9.1,61.45942687988281,14445
XBB.1.9.2,61.523277282714844,8262
XBB.1.9.5,42.618221282958984,268
XBB.2,28.029356002807617,1373
XBB.2.11.1,35.563541412353516,634
XBB.2.2,30.529207229614258,301
XBB.2.3,66.81285858154297,4597
XBB.2.3.1,60.956634521484375,329
XBB.2.3.11,76.85762786865234,1081
XBB.2.3.13,69.23896789550781,254
XBB.2.3.14,64.3289566040039,213
XBB.2.3.2,69.29862976074219,1759
XBB.2.3.3,69.4765625,826
XBB.2.3.4,64.84999084472656,235
XBB.2.3.5,68.37551879882812,430
XBB.2.3.6,65.91185760498047,749
XBB.2.3.7,63.103416442871094,288
XBB.2.3.8,72.0472640991211,1701
XBB.2.4,51.45862579345703,541
XBB.2.5,37.218101501464844,303
XBB.2.6,33.88999938964844,6901
XBB.2.6.2,36.267093658447266,276
XBB.2.8,27.10452651977539,616
XBB.3,24.85967254638672,900
XBB.3.2,28.41596794128418,230
XBB.4,27.372285842895508,247
XBB.6.1,43.79905319213867,294
XBB.8,23.30531883239746,222
XBB.9,26.167644500732422,855
XBC.1,28.200109481811523,489
XBC.1.1,37.45892333984375,720
XBC.1.3,60.607364654541016,573
XBC.1.6,71.12313079833984,1037
XBC.1.6.1,65.94444274902344,280
XBC.1.6.4,70.03150939941406,202
XBD,19.593849182128906,301
XBE,16.5622615814209,414
XBF,40.35187911987305,8913
XBF.2,40.26258087158203,489
XBF.3,42.23078155517578,524
XBF.4,46.1774787902832,219
XBF.5,43.38930892944336,511
XBF.6,43.73987579345703,228
XBK,40.68513870239258,659
XBK.1,46.1546516418457,665
XBL,57.0829963684082,304
XBL.2,56.58449172973633,215
XBL.3,61.736358642578125,351
XBM,31.095916748046875,320
XBT,37.80641174316406,246
XE,-40.571163177490234,2664
XG,-42.24736785888672,212
XJ,-57.174827575683594,262
XM,-42.233543395996094,486
XN,-38.29645919799805,476
XP,-66.87689971923828,211
XQ,-41.382469177246094,343
XZ,-36.553470611572266,438
